accounting-skills-assessment	404	https://testlify.com/accounting-skills-assessment/
ai-hiring	404	https://testlify.com/ai-hiring/
accounts-receivable-interview-questions	404	https://testlify.com/accounts-receivable-interview-questions/
ai-in-hiring	404	https://testlify.com/ai-in-hiring/
agriculture-hiring	404	https://testlify.com/agriculture-hiring/
ai-engineer-interview-questions	404	https://testlify.com/ai-engineer-interview-questions/
accounting-interview-questions	404	https://testlify.com/accounting-interview-questions/
admin-test	404	https://testlify.com/admin-test/
accounting-test	404	https://testlify.com/accounting-test/
accounts-payable-interview-questions	404	https://testlify.com/accounts-payable-interview-questions/
ai-interviewing	404	https://testlify.com/ai-interviewing/
ai-recruitment-tools	404	https://testlify.com/ai-recruitment-tools/
analytical-skills-test	404	https://testlify.com/analytical-skills-test/
ai-resume-screening	404	https://testlify.com/ai-resume-screening/
analytics-skills	404	https://testlify.com/analytics-skills/
aptitude-assessment	404	https://testlify.com/aptitude-assessment/
assessment-analytics	404	https://testlify.com/assessment-analytics/
assessment-best-practices	404	https://testlify.com/assessment-best-practices/
assessment-quality	404	https://testlify.com/assessment-quality/
assessment-reports	404	https://testlify.com/assessment-reports/
assessment-metrics	404	https://testlify.com/assessment-metrics/
assessment-tool-alternatives	404	https://testlify.com/assessment-tool-alternatives/
assessment-tool-comparison	404	https://testlify.com/assessment-tool-comparison/
assessment-validity	404	https://testlify.com/assessment-validity/
ats-alternatives	404	https://testlify.com/ats-alternatives/
ats-comparison	404	https://testlify.com/ats-comparison/
attract-candidates	404	https://testlify.com/attract-candidates/
attracting-top-talent	404	https://testlify.com/attracting-top-talent/
autonomous-teams	404	https://testlify.com/autonomous-teams/
bad-hire	404	https://testlify.com/bad-hire/
auditor-interview-questions	404	https://testlify.com/auditor-interview-questions/
behavioural-assessment	404	https://testlify.com/behavioural-assessment/
big-five-test	404	https://testlify.com/big-five-test/
bias-free-hiring	404	https://testlify.com/bias-free-hiring/
benefits-packages	404	https://testlify.com/benefits-packages/
bias-free-assessments	404	https://testlify.com/bias-free-assessments/
blue-collar-recruiting	404	https://testlify.com/blue-collar-recruiting/
big-five-personality-test	404	https://testlify.com/big-five-personality-test/
billing-interview-questions	404	https://testlify.com/billing-interview-questions/
blockchain-developer-interview-questions	404	https://testlify.com/blockchain-developer-interview-questions/
brand-management-interview-questions	404	https://testlify.com/brand-management-interview-questions/
building-talent-pool	404	https://testlify.com/building-talent-pool/
building-high-performing-teams	404	https://testlify.com/building-high-performing-teams/
building-teams	404	https://testlify.com/building-teams/
business-development-interview-questions	404	https://testlify.com/business-development-interview-questions/
building-trades-hiring	404	https://testlify.com/building-trades-hiring/
business-hiring	404	https://testlify.com/business-hiring/
brand-manager-interview-questions	200	https://testlify.com/brand-manager-interview-questions-to-ask-job-applicants/
business-skills-test	404	https://testlify.com/business-skills-test/
business-skills	404	https://testlify.com/business-skills/
business-test	404	https://testlify.com/business-test/
business-skills-tests	404	https://testlify.com/business-skills-tests/
candidate-assessment-experience	404	https://testlify.com/candidate-assessment-experience/
campus-recruiting	404	https://testlify.com/campus-recruiting/
business-analyst-interview-questions	200	https://testlify.com/business-analyst-interview-questions-to-ask-job-applicants/
business-tests	404	https://testlify.com/business-tests/
candidate-assessment-report	404	https://testlify.com/candidate-assessment-report/
candidate-communication	404	https://testlify.com/candidate-communication/
candidate-evaluation	404	https://testlify.com/candidate-evaluation/
candidate-search	404	https://testlify.com/candidate-search/
candidate-sourcing-tools	404	https://testlify.com/candidate-sourcing-tools/
candidate-verification	404	https://testlify.com/candidate-verification/
business-judgement-test	200	https://testlify.com/test-library/business-judgement-test/
candidate-sourcing	404	https://testlify.com/candidate-sourcing/
character-test	404	https://testlify.com/character-test/
certification-verification	404	https://testlify.com/certification-verification/
character-traits	404	https://testlify.com/character-traits/
choosing-skills-assessment	404	https://testlify.com/choosing-skills-assessment/
cheating-in-online-tests	404	https://testlify.com/cheating-in-online-tests/
clerk-interview-questions	404	https://testlify.com/clerk-interview-questions/
cloud-skills-test	404	https://testlify.com/cloud-skills-test/
coding-assessment-alternatives	404	https://testlify.com/coding-assessment-alternatives/
coding-assessments	404	https://testlify.com/coding-assessments/
coding-assessment-comparison	404	https://testlify.com/coding-assessment-comparison/
coding-proctoring	404	https://testlify.com/coding-proctoring/
coding-test-alternatives	404	https://testlify.com/coding-test-alternatives/
cognitive-reasoning	404	https://testlify.com/cognitive-reasoning/
cognitive-reasoning-test	404	https://testlify.com/cognitive-reasoning-test/
cognitive-tests	404	https://testlify.com/cognitive-tests/
communication-skills-test	404	https://testlify.com/communication-skills-test/
communication-tests	404	https://testlify.com/communication-tests/
company-culture	404	https://testlify.com/company-culture/
company-hiring-process	404	https://testlify.com/company-hiring-process/
compensation-interview-questions	404	https://testlify.com/compensation-interview-questions/
compliance-checklist	404	https://testlify.com/compliance-checklist/
construction-hiring	404	https://testlify.com/construction-hiring/
compliance-interview-questions	404	https://testlify.com/compliance-interview-questions/
computer-skills-test	404	https://testlify.com/computer-skills-test/
continuous-learning	404	https://testlify.com/continuous-learning/
claims-adjuster-interview-questions	200	https://testlify.com/claims-adjuster-interview-questions-to-ask-job-applicants/
consultant-interview-questions	404	https://testlify.com/consultant-interview-questions/
community-manager-interview-questions	200	https://testlify.com/community-manager-interview-questions-to-ask-job-applicants/
contract-administrator-interview-questions	200	https://testlify.com/contract-administrator-interview-questions-to-ask-job-applicants/
content-writer-interview-questions	200	https://testlify.com/content-writer-interview-questions-to-ask-job-applicants/
copywriter-interview-questions	200	https://testlify.com/copywriter-interview-questions-to-ask-job-applicants/
cost-of-a-bad-hire	200	https://testlify.com/cost-of-a-bad-hire/
credential-verification	404	https://testlify.com/credential-verification/
core-hr	200	https://testlify.com/hr-tools/core-hr/
cross-border-hiring	404	https://testlify.com/cross-border-hiring/
corporate-trainer-interview-questions	200	https://testlify.com/corporate-trainer-interview-questions-to-ask-job-applicants/
cultural-fit-assessment	404	https://testlify.com/cultural-fit-assessment/
culture-fit-test	404	https://testlify.com/culture-fit-test/
cultural-fit	404	https://testlify.com/cultural-fit/
culture-fit-tests	404	https://testlify.com/culture-fit-tests/
customer-service-interview-questions	404	https://testlify.com/customer-service-interview-questions/
customer-support-test	404	https://testlify.com/customer-support-test/
cv-screening	404	https://testlify.com/cv-screening/
customer-success-interview-questions	404	https://testlify.com/customer-success-interview-questions/
cybersecurity-interview-questions	404	https://testlify.com/cybersecurity-interview-questions/
customer-service-test	404	https://testlify.com/customer-service-test/
crisis-management	200	https://testlify.com/test-library/crisis-management/
data-analysis-skills	404	https://testlify.com/data-analysis-skills/
data-engineer-interview-questions	404	https://testlify.com/data-engineer-interview-questions/
data-entry-interview-questions	404	https://testlify.com/data-entry-interview-questions/
data-hiring	404	https://testlify.com/data-hiring/
data-entry-test	404	https://testlify.com/data-entry-test/
developer-assessments	404	https://testlify.com/developer-assessments/
dei	404	https://testlify.com/dei/
culture-fit-assessment	200	https://testlify.com/culture-fit-assessments-for-hiring-remote-teams/
database-test	404	https://testlify.com/database-test/
design-skills	404	https://testlify.com/design-skills/
developer-screening	404	https://testlify.com/developer-screening/
culture-fit	200	https://testlify.com/test-library/culture-fit/
developer-tests	404	https://testlify.com/developer-tests/
developer-interview-questions	404	https://testlify.com/developer-interview-questions/
difficult-conversations	404	https://testlify.com/difficult-conversations/
devops-test	404	https://testlify.com/devops-test/
digital-recruiting	404	https://testlify.com/digital-recruiting/
diversity-and-inclusion-interview-questions	404	https://testlify.com/diversity-and-inclusion-interview-questions/
diversity-recruitment	404	https://testlify.com/diversity-recruitment/
diversity-hiring	404	https://testlify.com/diversity-hiring/
education-hr	404	https://testlify.com/education-hr/
electrical-engineering-test	404	https://testlify.com/electrical-engineering-test/
cybersecurity-test	200	https://testlify.com/test-library/cybersecurity-test/
employee-engagement	200	https://testlify.com/hr-tools/employee-engagement/
employee-handbook	200	https://testlify.com/hr-glossary/employee-handbook/
employee-motivation	404	https://testlify.com/employee-motivation/
employee-onboarding	200	https://testlify.com/hr-glossary/employee-onboarding/
employee-monitoring	200	https://testlify.com/hr-tools/employee-monitoring/
employee-performance	404	https://testlify.com/employee-performance/
employee-performance-monitoring	404	https://testlify.com/employee-performance-monitoring/
employee-recognition-tools	404	https://testlify.com/employee-recognition-tools/
employee-recognition	200	https://testlify.com/hr-tools/employee-recognition/
employee-referral-program	200	https://testlify.com/hr-glossary/employee-referral-program/
employee-referrals	200	https://testlify.com/employee-referrals-hold-significant-weight-in-hiring-decisions/
employee-retention	200	https://testlify.com/hr-glossary/employee-retention/
employee-relations-interview-questions	404	https://testlify.com/employee-relations-interview-questions/
employee-engagement-strategies	200	https://testlify.com/employee-engagement-strategies-for-different-generations/
employee-selection	200	https://testlify.com/employee-selection-methods/
employee-satisfaction	200	https://testlify.com/hr-glossary/employee-satisfaction/
employee-soft-skills	404	https://testlify.com/employee-soft-skills/
employee-training	404	https://testlify.com/employee-training/
employee-turnover	200	https://testlify.com/hr-glossary/employee-turnover/
employee-well-being	200	https://testlify.com/employee-well-being-initiative/
employee-wellbeing	404	https://testlify.com/employee-wellbeing/
employment-and-labor-laws	404	https://testlify.com/employment-and-labor-laws/
employer-brand	200	https://testlify.com/hr-glossary/employer-brand/
employment-assessments	404	https://testlify.com/employment-assessments/
employer-branding	200	https://testlify.com/hr-glossary/employer-branding/
engineering-skills	200	https://testlify.com/engineering-skills/
employment-fraud	404	https://testlify.com/employment-fraud/
engineering-tests	404	https://testlify.com/engineering-tests/
english-proficiency-test	200	https://testlify.com/english-proficiency-test-helps-screen-candidates/
engineering-test	404	https://testlify.com/engineering-test/
english-test	404	https://testlify.com/english-test/
enterprise-hiring	200	https://testlify.com/enterprise-hiring-funnel/
english-tests	404	https://testlify.com/english-tests/
essential-skills	200	https://testlify.com/essential-skills-every-hr-professional-needs-to-succeed/
eq-test	404	https://testlify.com/eq-test/
evaluate-data-skills	404	https://testlify.com/evaluate-data-skills/
evaluate-finance-skills	404	https://testlify.com/evaluate-finance-skills/
evaluate-marketing-skills	404	https://testlify.com/evaluate-marketing-skills/
evaluate-soft-skills	404	https://testlify.com/evaluate-soft-skills/
event-coordinator-interview-questions	200	https://testlify.com/event-coordinator-interview-questions-to-ask-job-applicants/
evaluate-software-development-skills	404	https://testlify.com/evaluate-software-development-skills/
excel-assessment	404	https://testlify.com/excel-assessment/
executive-assistant-interview-questions	200	https://testlify.com/executive-assistant-interview-questions-to-ask-job-applicants/
excel-test	404	https://testlify.com/excel-test/
event-planner-interview-questions	200	https://testlify.com/event-planner-interview-questions-to-ask-job-applicants/
emotional-intelligence-assessment	404	https://testlify.com/emotional-intelligence-assessment/
executive-hiring	200	https://testlify.com/executive-hiring-playbook/
exit-interview	200	https://testlify.com/hr-glossary/exit-interview/
exit-interview-questions	404	https://testlify.com/exit-interview-questions/
facilities-manager-interview-questions	200	https://testlify.com/facilities-manager-interview-questions-to-ask-job-applicants/
facilities-hiring	404	https://testlify.com/facilities-hiring/
executive-leadership	200	https://testlify.com/executive-leadership-insights/
fair-assessments	404	https://testlify.com/fair-assessments/
employee-attrition	404	https://testlify.com/employee-attrition/
fair-hiring	404	https://testlify.com/fair-hiring/
finance-interview-questions	404	https://testlify.com/finance-interview-questions/
fake-resumes	404	https://testlify.com/fake-resumes/
finance-test	404	https://testlify.com/finance-test/
finance-skills	404	https://testlify.com/finance-skills/
employee-communication	404	https://testlify.com/employee-communication/
financial-analysis-skills	404	https://testlify.com/financial-analysis-skills/
find-qualified-candidates	404	https://testlify.com/find-qualified-candidates/
financial-analyst-interview-questions	200	https://testlify.com/financial-analyst-interview-questions-to-ask-job-applicants/
finding-candidates	404	https://testlify.com/finding-candidates/
flexible-work	200	https://testlify.com/hr-glossary/flexible-work-arrangements/
flexible-work-arrangements	200	https://testlify.com/hr-glossary/flexible-work-arrangements/
food-service-hiring	404	https://testlify.com/food-service-hiring/
freelance-hiring	200	https://testlify.com/freelance-hiring/
framework-tests	404	https://testlify.com/framework-tests/
full-stack-developer-interview-questions	404	https://testlify.com/full-stack-developer-interview-questions/
global-recruitment	200	https://testlify.com/global-recruitment/
future-of-work	200	https://testlify.com/future-of-workplace-culture/
global-hiring	200	https://testlify.com/global-hiring-challenges-and-solutions/
full-stack-developer-test	200	https://testlify.com/test-library/full-stack-developer-test/
global-team-building	404	https://testlify.com/global-team-building/
global-talent-acquisition	404	https://testlify.com/global-talent-acquisition/
global-teams	404	https://testlify.com/global-teams/
employee-experience	200	https://testlify.com/hr-glossary/employee-experience/
google-ads-test	200	https://testlify.com/google-ads-tests-in-identifying-marketing-talent/
healthcare-interview-questions	404	https://testlify.com/healthcare-interview-questions/
google-analytics-test	404	https://testlify.com/google-analytics-test/
high-performing-teams	404	https://testlify.com/high-performing-teams/
high-volume-hiring	200	https://testlify.com/high-volume-hiring-checklist-for-faster-hiring/
hire-agriculture-workers	404	https://testlify.com/hire-agriculture-workers/
higher-education-hr	404	https://testlify.com/higher-education-hr/
hire-construction-workers	404	https://testlify.com/hire-construction-workers/
hire-cleaning-staff	404	https://testlify.com/hire-cleaning-staff/
hire-customer-service	404	https://testlify.com/hire-customer-service/
hire-data-scientists	429	https://testlify.com/hire-data-scientists/
hire-content-roles	404	https://testlify.com/hire-content-roles/
hire-data-analysts	404	https://testlify.com/hire-data-analysts/
hire-developers	404	https://testlify.com/hire-developers/
hire-logistics-workers	429	https://testlify.com/hire-logistics-workers/
hire-machine-operators	429	https://testlify.com/hire-machine-operators/
hire-managers	429	https://testlify.com/hire-managers/
hire-mechanics	429	https://testlify.com/hire-mechanics/
hire-marketing-roles	429	https://testlify.com/hire-marketing-roles/
hire-executives	404	https://testlify.com/hire-executives/
hire-remote-employees	429	https://testlify.com/hire-remote-employees/
hire-janitorial-staff	404	https://testlify.com/hire-janitorial-staff/
hire-manufacturing-workers	429	https://testlify.com/hire-manufacturing-workers/
hire-repair-technicians	429	https://testlify.com/hire-repair-technicians/
hire-restaurant-staff	429	https://testlify.com/hire-restaurant-staff/
employee-engagement-tools	429	https://testlify.com/employee-engagement-tools/
hire-retail-staff	429	https://testlify.com/hire-retail-staff/
hire-skilled-trades	429	https://testlify.com/hire-skilled-trades/
hiring-assessments	429	https://testlify.com/hiring-assessments/
hiring-fraud	429	https://testlify.com/hiring-fraud/
hiring-compliance	429	https://testlify.com/hiring-compliance/
hire-support-workers	429	https://testlify.com/hire-support-workers/
hard-skills-vs-soft-skills	429	https://testlify.com/hard-skills-vs-soft-skills/
hiring-bias	429	https://testlify.com/hiring-bias/
hiring-analytics	429	https://testlify.com/hiring-analytics/
help-desk-interview-questions	429	https://testlify.com/help-desk-interview-questions/
hiring-funnel	429	https://testlify.com/hiring-funnel/
hiring-process	429	https://testlify.com/hiring-process/
hiring-landscape	429	https://testlify.com/hiring-landscape/
hiring-plan	429	https://testlify.com/hiring-plan/
hiring-strategy	429	https://testlify.com/hiring-strategy/
hiring-trends	429	https://testlify.com/hiring-trends/
hiring-by-role	429	https://testlify.com/hiring-by-role/
hiring-software-engineers	429	https://testlify.com/hiring-software-engineers/
hospitality-hiring	429	https://testlify.com/hospitality-hiring/
employee-experience-management	429	https://testlify.com/employee-experience-management/
hiring-without-interviews	429	https://testlify.com/hiring-without-interviews/
how-to-conduct-interviews	429	https://testlify.com/how-to-conduct-interviews/
how-to-hire-remote-employees	429	https://testlify.com/how-to-hire-remote-employees/
hr-agency	429	https://testlify.com/hr-agency/
hr-analytics	429	https://testlify.com/hr-analytics/
how-top-companies-hire	429	https://testlify.com/how-top-companies-hire/
how-to-hire-developers	429	https://testlify.com/how-to-hire-developers/
hr-ai	429	https://testlify.com/hr-ai/
hr-audit	429	https://testlify.com/hr-audit/
hr-automation	429	https://testlify.com/hr-automation/
hr-benefits	429	https://testlify.com/hr-benefits/
hr-communities	429	https://testlify.com/hr-communities/
hr-business-alignment	429	https://testlify.com/hr-business-alignment/
hr-buzzwords	429	https://testlify.com/hr-buzzwords/
hr-compliance	429	https://testlify.com/hr-compliance/
hr-communication	429	https://testlify.com/hr-communication/
hr-consultancy	429	https://testlify.com/hr-consultancy/
hr-conversations	429	https://testlify.com/hr-conversations/
hr-crisis-management	429	https://testlify.com/hr-crisis-management/
hr-digital-transformation	429	https://testlify.com/hr-digital-transformation/
hr-for-small-business	429	https://testlify.com/hr-for-small-business/
hr-for-startups	429	https://testlify.com/hr-for-startups/
hr-functions	429	https://testlify.com/hr-functions/
hr-kpis	429	https://testlify.com/hr-kpis/
hr-fundamentals	429	https://testlify.com/hr-fundamentals/
hr-management	429	https://testlify.com/hr-management/
hr-manager-interview-questions	429	https://testlify.com/hr-manager-interview-questions/
hr-manager-skills	429	https://testlify.com/hr-manager-skills/
hr-metrics	429	https://testlify.com/hr-metrics/
hr-payroll	429	https://testlify.com/hr-payroll/
hr-glossary	429	https://testlify.com/hr-glossary/
hr-planning	429	https://testlify.com/hr-planning/
hr-in-higher-education	429	https://testlify.com/hr-in-higher-education/
hr-recruitment-trends	429	https://testlify.com/hr-recruitment-trends/
hr-solutions	429	https://testlify.com/hr-solutions/
hr-skills	429	https://testlify.com/hr-skills/
hr-reporting	429	https://testlify.com/hr-reporting/
hr-goals	429	https://testlify.com/hr-goals/
hr-tech-stack	429	https://testlify.com/hr-tech-stack/
hr-tech	429	https://testlify.com/hr-tech/
hr-strategy	429	https://testlify.com/hr-strategy/
hr-solutions-by-company	429	https://testlify.com/hr-solutions-by-company/
hrms	429	https://testlify.com/hrms/
hr-trends	429	https://testlify.com/hr-trends/
human-resource-management	429	https://testlify.com/human-resource-management/
hr-interview-questions	429	https://testlify.com/hr-interview-questions/
hybrid-workplace	429	https://testlify.com/hybrid-workplace/
hr-tools	429	https://testlify.com/hr-tools/
hybrid-work	429	https://testlify.com/hybrid-work/
hr-toolkit	429	https://testlify.com/hr-toolkit/
industry-assessments	429	https://testlify.com/industry-assessments/
improve-hiring-process	429	https://testlify.com/improve-hiring-process/
inclusive-recruitment	429	https://testlify.com/inclusive-recruitment/
identifying-top-talent	429	https://testlify.com/identifying-top-talent/
industry-hiring	429	https://testlify.com/industry-hiring/
hr-policies	429	https://testlify.com/hr-policies/
hr-processes	429	https://testlify.com/hr-processes/
hr-software	429	https://testlify.com/hr-software/
industry-recruiting	404	https://testlify.com/industry-recruiting/
industry-specific-hiring	404	https://testlify.com/industry-specific-hiring/
integrity-test	200	https://testlify.com/hr-glossary/integrity-testing/
insurance-interview-questions	404	https://testlify.com/insurance-interview-questions/
internal-mobility	200	https://testlify.com/internal-mobility/
internal-communication	200	https://testlify.com/internal-communications-coordinator-interview-questions-to-ask-job-applicants/
interview-integrity	404	https://testlify.com/interview-integrity/
interview-email-templates	404	https://testlify.com/interview-email-templates/
interpersonal-skills	200	https://testlify.com/test-library/interpersonal-skills-test/
interview-questions-bank	200	https://testlify.com/interview-questions-bank/
interview-metrics	404	https://testlify.com/interview-metrics/
interview-questions	200	https://testlify.com/interview-questions-bank/
interview-methods	404	https://testlify.com/interview-methods/
interview-questions-by-role	404	https://testlify.com/interview-questions-by-role/
interview-red-flags	200	https://testlify.com/interview-red-flags-candidates/
interview-to-hire-ratio	200	https://testlify.com/interview-to-hire-ratio/
interview-software	404	https://testlify.com/interview-software/
hr-technology	404	https://testlify.com/hr-technology/
interview-tool-alternatives	404	https://testlify.com/interview-tool-alternatives/
inventory-analyst-interview-questions	200	https://testlify.com/inventory-analyst-interview-questions-to-ask-job-applicants/
it-skills-test	429	https://testlify.com/it-skills-testing-everything-you-need-to-know/
interviewing-comparison	404	https://testlify.com/interviewing-comparison/
interviewing-platforms	404	https://testlify.com/interviewing-platforms/
it-hiring-trends	404	https://testlify.com/it-hiring-trends/
it-test	404	https://testlify.com/it-test/
job-boards	429	https://testlify.com/job-boards/
it-support-interview-questions	404	https://testlify.com/it-support-interview-questions/
job-advert	200	https://testlify.com/job-advertising-vs-job-posting/
hr-terms	404	https://testlify.com/hr-terms/
job-crafting	200	https://testlify.com/job-crafting/
job-description	200	https://testlify.com/job-description-templates/
job-design	200	https://testlify.com/job-design/
job-offer-templates	404	https://testlify.com/job-offer-templates/
job-posting-templates	404	https://testlify.com/job-posting-templates/
job-profiles	404	https://testlify.com/job-profiles/
job-requisition	200	https://testlify.com/hr-glossary/job-requisition/
job-satisfaction	404	https://testlify.com/job-satisfaction/
job-profile	200	https://testlify.com/job-profile-components/
job-search-tools	404	https://testlify.com/job-search-tools/
job-tests	404	https://testlify.com/job-tests/
job-templates	404	https://testlify.com/job-templates/
labor-laws	404	https://testlify.com/labor-laws/
language-proficiency-test	429	https://testlify.com/language-proficiency-testing-software-comparison/
lateral-hires	429	https://testlify.com/lateral-hires/
leadership	429	https://testlify.com/leadership/
lateral-hiring	429	https://testlify.com/lateral-hiring/
leadership-development	429	https://testlify.com/leadership-development/
leadership-development-programs	429	https://testlify.com/leadership-development-programs/
leadership-hiring	429	https://testlify.com/leadership-hiring/
leadership-skills-assessment	429	https://testlify.com/leadership-skills-assessment/
leadership-test	429	https://testlify.com/leadership-test/
learning-culture	429	https://testlify.com/learning-culture/
learning-and-development-interview-questions	404	https://testlify.com/learning-and-development-interview-questions/
leadership-styles	404	https://testlify.com/leadership-styles/
learning-management-system	429	https://testlify.com/hr-glossary/learning-management-system-lms/
lms	404	https://testlify.com/lms/
live-proctoring	429	https://testlify.com/live-proctoring/
legal-interview-questions	429	https://testlify.com/legal-interview-questions/
lockdown-browser	429	https://testlify.com/lockdown-browser/
logistics-hiring	429	https://testlify.com/logistics-hiring/
logistics-interview-questions	429	https://testlify.com/logistics-interview-questions/
management-hiring	429	https://testlify.com/management-hiring/
management-test	429	https://testlify.com/management-test/
management-tests	429	https://testlify.com/management-tests/
market-analyst-interview-questions	429	https://testlify.com/market-analyst-interview-questions/
managing-remote-teams	429	https://testlify.com/managing-remote-teams/
marketing-hiring	429	https://testlify.com/marketing-hiring/
manufacturing-hiring	429	https://testlify.com/manufacturing-hiring/
market-research-analyst-interview-questions	429	https://testlify.com/market-research-analyst-interview-questions/
marketing-manager-interview-questions	429	https://testlify.com/marketing-manager-interview-questions/
marketing-skills	429	https://testlify.com/marketing-skills/
marketing-skills-test	429	https://testlify.com/marketing-skills-test/
mass-recruiting	404	https://testlify.com/mass-recruiting/
medical-coder-interview-questions	200	https://testlify.com/medical-coder-interview-questions-to-ask-job-applicants/
mechanic-hiring	404	https://testlify.com/mechanic-hiring/
marketing-test	200	https://testlify.com/marketing-test-in-your-hiring-process/
mechanical-test	404	https://testlify.com/mechanical-test/
motivational-assessment	404	https://testlify.com/motivational-assessment/
microsoft-office-test	200	https://testlify.com/microsoft-office-test-in-your-hiring-process/
network-engineer-interview-questions	404	https://testlify.com/network-engineer-interview-questions/
new-hire-orientation	429	https://testlify.com/new-hire-orientations-for-remote-teams/
nlp-test	429	https://testlify.com/nlp-test/
new-hire-onboarding	404	https://testlify.com/new-hire-onboarding/
occupational-tests	429	https://testlify.com/occupational-tests/
no-interview-hiring	404	https://testlify.com/no-interview-hiring/
office-skills-test	429	https://testlify.com/office-skills-test/
occupational-skills-test	404	https://testlify.com/occupational-skills-test/
marketing-interview-questions	404	https://testlify.com/marketing-interview-questions/
office-manager-interview-questions	200	https://testlify.com/office-manager-interview-questions-to-ask-job-applicants/
onboarding-best-practices	429	https://testlify.com/onboarding-best-practices/
onboarding	429	https://testlify.com/onboarding/
onboarding-blue-collar-workers	429	https://testlify.com/onboarding-blue-collar-workers/
onboarding-contingent-workers	429	https://testlify.com/onboarding-contingent-workers/
onboarding-checklist	429	https://testlify.com/onboarding-checklist/
onboarding-process	404	https://testlify.com/onboarding-process/
onboarding-email-templates	200	https://testlify.com/onboarding-email-templates/
onboarding-templates	404	https://testlify.com/onboarding-templates/
one-way-interviews	200	https://testlify.com/hr-glossary/one-way-interviews/
online-exam-proctoring	404	https://testlify.com/online-exam-proctoring/
online-proctoring	200	https://testlify.com/online-proctoring/
online-test-integrity	404	https://testlify.com/online-test-integrity/
operations-manager-interview-questions	200	https://testlify.com/operations-manager-interview-questions-to-ask-job-applicants/
operations-interview-questions	404	https://testlify.com/operations-interview-questions/
org-development	404	https://testlify.com/org-development/
organizational-development	429	https://testlify.com/test-library/organizational-development/
organizational-culture	200	https://testlify.com/hr-glossary/organizational-culture/
passive-candidates	200	https://testlify.com/passive-candidates/
outdoor-hiring	404	https://testlify.com/outdoor-hiring/
payroll	429	https://testlify.com/payroll/
pay-offers	404	https://testlify.com/pay-offers/
people-management-skills	200	https://testlify.com/people-management-skills/
payroll-management	404	https://testlify.com/payroll-management/
people-analytics	429	https://testlify.com/hr-glossary/people-analytics/
performance-management	429	https://testlify.com/performance-management/
performance-management-remote-teams	429	https://testlify.com/performance-management-remote-teams/
performance-appraisal	429	https://testlify.com/hr-glossary/performance-appraisal/
performance-management-system	429	https://testlify.com/performance-management-system/
performance-reviews	429	https://testlify.com/performance-reviews/
performance-tracking	429	https://testlify.com/performance-tracking/
personality-assessment	429	https://testlify.com/personality-assessment/
personality-test-types	429	https://testlify.com/personality-test-types/
personality-test	429	https://testlify.com/personality-test-using-images/
personality-tests	200	https://testlify.com/personality-tests-for-hiring-are-a-must-have/
positive-candidate-experience	404	https://testlify.com/positive-candidate-experience/
plagiarism-detection	404	https://testlify.com/plagiarism-detection/
positive-company-culture	404	https://testlify.com/positive-company-culture/
positive-workplace-culture	404	https://testlify.com/positive-workplace-culture/
pr-interview-questions	404	https://testlify.com/pr-interview-questions/
pre-boarding	404	https://testlify.com/pre-boarding/
pre-employment-assessments	200	https://testlify.com/pre-employment-assessments-what-you-need-to-know/
pre-employment-screening	200	https://testlify.com/pre-employment-screening-in-hiring-process/
pre-employment-testing-software	404	https://testlify.com/pre-employment-testing-software/
pre-employment-testing	404	https://testlify.com/pre-employment-testing/
pre-employment-tests	200	https://testlify.com/pre-employment-tests-for-hiring-success/
pre-hire-assessments	200	https://testlify.com/pre-hire-assessments-for-automotive-industry/
pre-screening-tool	404	https://testlify.com/pre-screening-tool/
prevent-cheating	404	https://testlify.com/prevent-cheating/
proctored-coding	404	https://testlify.com/proctored-coding/
proctoring	200	https://testlify.com/proctoring-services-compared/
pre-hiring-assessments	200	https://testlify.com/pre-hiring-assessments-an-accurate-predictor-of-career-progression/
procurement-interview-questions	404	https://testlify.com/procurement-interview-questions/
professional-skills-test	404	https://testlify.com/professional-skills-test/
product-analyst-interview-questions	200	https://testlify.com/product-analyst-interview-questions-to-ask-job-applicants/
production-planner-interview-questions	200	https://testlify.com/production-planner-interview-questions-to-ask-job-applicants/
product-manager-interview-questions	200	https://testlify.com/product-manager-interview-questions-to-ask-job-applicants/
program-manager-interview-questions	404	https://testlify.com/program-manager-interview-questions/
programming-tests	200	https://testlify.com/coding-tests/
programming-skills-test	404	https://testlify.com/programming-skills-test/
programming-language-tests	404	https://testlify.com/programming-language-tests/
programming-interview-questions	404	https://testlify.com/programming-interview-questions/
proxy-interview	200	https://testlify.com/proxy-interview/
project-manager-interview-questions	404	https://testlify.com/project-manager-interview-questions/
psychometric-alternatives	404	https://testlify.com/psychometric-alternatives/
psychometric-comparison	404	https://testlify.com/psychometric-comparison/
psychometric-test	200	https://testlify.com/
psychometric-test-alternatives	404	https://testlify.com/psychometric-test-alternatives/
psychometric-assessment	200	https://testlify.com/psychometric-assessments-beyond-big-five-personality-test/
public-relations-interview-questions	404	https://testlify.com/public-relations-interview-questions/
purchasing-interview-questions	404	https://testlify.com/purchasing-interview-questions/
qa-assessment	404	https://testlify.com/qa-assessment/
qa-interview-questions	404	https://testlify.com/qa-interview-questions/
qa-tests	404	https://testlify.com/qa-tests/
qa-test	200	https://testlify.com/test-library/qa-test-automation/
quality-assurance-interview-questions	404	https://testlify.com/quality-assurance-interview-questions/
quality-of-hire	200	https://testlify.com/quality-of-hire-calculator/
quality-control-interview-questions	404	https://testlify.com/quality-control-interview-questions/
quiet-quitting	200	https://testlify.com/quiet-quitting/
reasoning-test	404	https://testlify.com/reasoning-test/
reasoning-tests	404	https://testlify.com/reasoning-tests/
recruiter-career	404	https://testlify.com/recruiter-career/
recruiter-interview-questions	404	https://testlify.com/recruiter-interview-questions/
recruiter-community	404	https://testlify.com/recruiter-community/
recruiter-skills	404	https://testlify.com/recruiter-skills/
recruiter-role	404	https://testlify.com/recruiter-role/
recruiting-by-industry	404	https://testlify.com/recruiting-by-industry/
recruiting-challenges	404	https://testlify.com/recruiting-challenges/
recruiting-metrics	404	https://testlify.com/recruiting-metrics/
recruiting-software	404	https://testlify.com/recruiting-software/
recruiting-tech-stack	404	https://testlify.com/recruiting-tech-stack/
recruiting-technology	404	https://testlify.com/recruiting-technology/
recruiting-trends	404	https://testlify.com/recruiting-trends/
recruitment-agency	404	https://testlify.com/recruitment-agency/
recruitment-ai	404	https://testlify.com/recruitment-ai/
recruitment-automation	200	https://testlify.com/recruitment-automation-tools/
recruitment-comparison	404	https://testlify.com/recruitment-comparison/
recruitment-compliance	404	https://testlify.com/recruitment-compliance/
recruitment-efficiency	404	https://testlify.com/recruitment-efficiency/
psychometric-tests	200	https://testlify.com/psychometric-tests/
recruitment-email-templates	404	https://testlify.com/recruitment-email-templates/
recruitment-funnel	404	https://testlify.com/recruitment-funnel/
recruitment-methods	200	https://testlify.com/recruitment-methods/
recruitment-metrics	200	https://testlify.com/recruitment-metrics-for-assessing-candidate/
recruitment-process-outsourcing	200	https://testlify.com/recruitment-process-outsourcing/
recruitment-fraud	200	https://testlify.com/recruitment-fraud-financial-and-brand-risk/
recruitment-plan	200	https://testlify.com/recruitment-planning/
recruitment-sources	200	https://testlify.com/recruitment-sources/
recruitment-planning	200	https://testlify.com/recruitment-planning/
recruitment-software-alternatives	404	https://testlify.com/recruitment-software-alternatives/
recruitment-strategy	404	https://testlify.com/recruitment-strategy/
recruitment-tech-trends	404	https://testlify.com/recruitment-tech-trends/
recruitment-technology	200	https://testlify.com/recruitment-technology/
recruitment-tech-stack	404	https://testlify.com/recruitment-tech-stack/
recruitment-tools	404	https://testlify.com/recruitment-tools/
reduce-time-to-hire	404	https://testlify.com/reduce-time-to-hire/
recruitment-types	200	https://testlify.com/recruitment-types/
reference-checks	404	https://testlify.com/reference-checks/
recruitment-trends	200	https://testlify.com/recruitment-trends-in-customer-service-manager-hiring/
referral-program	200	https://testlify.com/referral-program/
regulatory-affairs-interview-questions	404	https://testlify.com/regulatory-affairs-interview-questions/
remote-assessments	200	https://testlify.com/remote-assessments-effective-for-evaluating-candidates/
reliability-test	404	https://testlify.com/reliability-test/
remote-hiring	200	https://testlify.com/remote-hiring/
recruitment-process	200	https://testlify.com/hr-glossary/recruitment-process-outsourcing/
remote-proctoring	200	https://testlify.com/remote-proctoring/
remote-performance-management	404	https://testlify.com/remote-performance-management/
remote-interviews	404	https://testlify.com/remote-interviews/
remote-recruitment	404	https://testlify.com/remote-recruitment/
remote-teams	404	https://testlify.com/remote-teams/
recruitment-legal	404	https://testlify.com/recruitment-legal/
remote-workforce	404	https://testlify.com/remote-workforce/
people-management	200	https://testlify.com/people-management-skills/
remote-work	200	https://testlify.com/remote-work-allowances-becoming-staple-benefits-packages/
remote-workforce-management	404	https://testlify.com/remote-workforce-management/
research-and-development-interview-questions	404	https://testlify.com/research-and-development-interview-questions/
recruitment-kpis	200	https://testlify.com/recruitment-kpis/
research-analyst-interview-questions	200	https://testlify.com/research-analyst-interview-questions-to-ask-job-applicants/
reskilling	404	https://testlify.com/reskilling/
resume-screening	200	https://testlify.com/resume-screening-every-recruiter-should-know/
resume-parsing	200	https://testlify.com/hr-glossary/resume-parsing/
retail-hiring	404	https://testlify.com/retail-hiring/
retail-manager-interview-questions	404	https://testlify.com/retail-manager-interview-questions/
retention-strategies	404	https://testlify.com/retention-strategies/
resume-verification	200	https://testlify.com/resume-verification-process/
reverse-recruiting	200	https://testlify.com/reverse-recruiting/
risk-analyst-interview-questions	200	https://testlify.com/risk-analyst-interview-questions-to-ask-job-applicants/
role-assessments	404	https://testlify.com/role-assessments/
role-specific-tests	200	https://testlify.com/role-specific-tests/
role-based-hiring	404	https://testlify.com/role-based-hiring/
role-based-recruiting	404	https://testlify.com/role-based-recruiting/
salary-and-benefits	404	https://testlify.com/salary-and-benefits/
rpo	404	https://testlify.com/rpo/
salary-negotiation	404	https://testlify.com/salary-negotiation/
sales-hiring	200	https://testlify.com/sales-hiring/
sales-interview-questions	404	https://testlify.com/sales-interview-questions/
sales-aptitude-test	200	https://testlify.com/how-to-build-a-successful-sales-team/
sales-test	404	https://testlify.com/sales-test/
sales-tests	404	https://testlify.com/sales-tests/
screening-candidates	404	https://testlify.com/screening-candidates/
screening-developers	404	https://testlify.com/screening-developers/
screening-tools	404	https://testlify.com/screening-tools/
seasonal-hiring	404	https://testlify.com/seasonal-hiring/
selection-methods	404	https://testlify.com/selection-methods/
security-officer-interview-questions	200	https://testlify.com/security-officer-interview-questions-to-ask-job-applicants/
situational-judgement-test	404	https://testlify.com/situational-judgement-test/
service-hiring	404	https://testlify.com/service-hiring/
situational-judgment	200	https://testlify.com/situational-judgment/
situational-judgment-test	404	https://testlify.com/situational-judgment-test/
skill-assessment	200	https://testlify.com/skill-assessment-tool-in-your-hiring-process/
skill-based-hiring	404	https://testlify.com/skill-based-hiring/
skilled-trades-hiring	404	https://testlify.com/skilled-trades-hiring/
skilled-trades-test	404	https://testlify.com/skilled-trades-test/
skilled-trades-tests	404	https://testlify.com/skilled-trades-tests/
skill-assessment-best-practices	404	https://testlify.com/skill-assessment-best-practices/
skills-assessment	200	https://testlify.com/skills-assessment-and-interviewing-platform/
skills-based-hiring	200	https://testlify.com/knowledge-base/skills-based-hiring-future-ready-workforce/
skills-comparison	404	https://testlify.com/skills-comparison/
skills-gap-analysis	200	https://testlify.com/skills-gap-analysis-tools/
skills-framework	404	https://testlify.com/skills-framework/
skills-gap	200	https://testlify.com/hr-glossary/skills-gap/
skills-management	200	https://testlify.com/skills-management/
skills-intelligence	200	https://testlify.com/skills-intelligence/
skills-mapping	200	https://testlify.com/skills-mapping/
skills-taxonomy	200	https://testlify.com/skills-taxonomy/
skills-mapping-template	404	https://testlify.com/skills-mapping-template/
slow-hiring	404	https://testlify.com/slow-hiring/
small-business-hr	404	https://testlify.com/small-business-hr/
social-media-recruiting	200	https://testlify.com/social-media-recruiting/
social-recruiting	404	https://testlify.com/social-recruiting/
soft-skills	200	https://testlify.com/hr-glossary/soft-skills/
soft-skills-test	404	https://testlify.com/soft-skills-test/
soft-skills-assessment	404	https://testlify.com/soft-skills-assessment/
software-engineer-hiring	404	https://testlify.com/software-engineer-hiring/
software-development-skills	404	https://testlify.com/software-development-skills/
software-testing-test	404	https://testlify.com/software-testing-test/
software-testing-tests	404	https://testlify.com/software-testing-tests/
skills-mismatch	200	https://testlify.com/skills-mismatch-a-detailed-guide/
sourcing-hard-to-fill-roles	404	https://testlify.com/sourcing-hard-to-fill-roles/
sources-of-recruitment	200	https://testlify.com/sources-of-recruitment-checklist/
sourcing-for-startups	404	https://testlify.com/sourcing-for-startups/
sourcing-passive-candidates	404	https://testlify.com/sourcing-passive-candidates/
sourcing-strategy	404	https://testlify.com/sourcing-strategy/
sourcing-tools	200	https://testlify.com/sourcing-tools-recruiters-use-to-find-candidates/
specialized-roles-hiring	404	https://testlify.com/specialized-roles-hiring/
social-media-interview-questions	404	https://testlify.com/social-media-interview-questions/
staffing-process	404	https://testlify.com/staffing-process/
strategic-human-resource-planning	200	https://testlify.com/strategic-human-resource-planning-for-future-of-work/
structured-interview	200	https://testlify.com/hr-glossary/structured-interview/
structured-interviews	404	https://testlify.com/structured-interviews/
streamline-hiring-process	404	https://testlify.com/streamline-hiring-process/
succession-planning	200	https://testlify.com/hr-glossary/succession-planning/
supplier-relationship-manager-interview-questions	200	https://testlify.com/supplier-relationship-manager-interview-questions-to-ask-job-applicants/
supply-chain-interview-questions	404	https://testlify.com/supply-chain-interview-questions/
talent-acquisition	200	https://testlify.com/hr-glossary/talent-acquisition/
talent-acquisition-best-practices	404	https://testlify.com/talent-acquisition-best-practices/
system-administrator-interview-questions	200	https://testlify.com/system-administrator-interview-questions-to-ask-job-applicants/
talent-acquisition-strategy	404	https://testlify.com/talent-acquisition-strategy/
talent-acquisition-interview-questions	404	https://testlify.com/talent-acquisition-interview-questions/
talent-assessment	200	https://testlify.com/talent-assessment-tool-in-your-hiring-process/
talent-assessment-alternatives	404	https://testlify.com/talent-assessment-alternatives/
talent-attraction	404	https://testlify.com/talent-attraction/
talent-lifecycle	200	https://testlify.com/talent-lifecycle/
talent-development	200	https://testlify.com/talent-development/
talent-assessment-tools	200	https://testlify.com/talent-assessment-tools-available-in-dutch/
talent-management-strategy	404	https://testlify.com/talent-management-strategy/
talent-management	200	https://testlify.com/hr-glossary/talent-management/
talent-pipeline	200	https://testlify.com/hr-glossary/talent-pipeline/
talent-retention	404	https://testlify.com/talent-retention/
talent-sourcing	200	https://testlify.com/talent-sourcing-strategies/
state-labor-laws	404	https://testlify.com/state-labor-laws/
team-assessment-tools	404	https://testlify.com/team-assessment-tools/
staffing-services	404	https://testlify.com/staffing-services/
talent-planning	200	https://testlify.com/talent-planning-essentials-for-modern-businesses/
start-hr-business	404	https://testlify.com/start-hr-business/
team-building	200	https://testlify.com/hr-glossary/team-building/
team-building-assessments	404	https://testlify.com/team-building-assessments/
team-structure	404	https://testlify.com/team-structure/
tech-hiring	404	https://testlify.com/tech-hiring/
tech-recruitment-trends	404	https://testlify.com/tech-recruitment-trends/
tech-hiring-trends	404	https://testlify.com/tech-hiring-trends/
tech-talent-trends	404	https://testlify.com/tech-talent-trends/
technical-assessment-tools	404	https://testlify.com/technical-assessment-tools/
tech-screening	404	https://testlify.com/tech-screening/
technical-assessments	404	https://testlify.com/technical-assessments/
talent-pool	200	https://testlify.com/hr-glossary/talent-pooling/
technical-screening	200	https://testlify.com/technical-screening/
technical-hiring	200	https://testlify.com/developer-hiring/
technical-interview-questions	200	https://testlify.com/technical-interview-questions-to-assess-problem-solving-skills/
technical-skills-test	404	https://testlify.com/technical-skills-test/
staffing	200	https://testlify.com/hr-glossary/staffing/
technology-trends	404	https://testlify.com/technology-trends/
technical-tests	404	https://testlify.com/technical-tests/
test-integrity	404	https://testlify.com/test-integrity/
test-validity	404	https://testlify.com/test-validity/
time-to-hire	200	https://testlify.com/hr-glossary/time-to-hire/
testlify-vs	200	https://testlify.com/testlify-vs-adaface-detailed-comparison/
thriving-workplace	404	https://testlify.com/thriving-workplace/
trade-skills-test	404	https://testlify.com/trade-skills-test/
training-and-development	200	https://testlify.com/hr-glossary/training-and-development/
types-of-pre-employment-tests	200	https://testlify.com/types-of-pre-employment-tests/
trade-skills-tests	404	https://testlify.com/trade-skills-tests/
typing-test	200	https://testlify.com/typing-test/
types-of-hiring-bias	404	https://testlify.com/types-of-hiring-bias/
ui-design-test	404	https://testlify.com/ui-design-test/
ui-ux-designer-interview-questions	200	https://testlify.com/ui-ux-designer-interview-questions-to-ask-job-applicants/
unbiased-assessments	404	https://testlify.com/unbiased-assessments/
unbiased-hiring	404	https://testlify.com/unbiased-hiring/
upskilling-and-reskilling	200	https://testlify.com/upskilling-and-reskilling/
unconscious-bias	200	https://testlify.com/hr-glossary/unconscious-bias/
upskilling	200	https://testlify.com/hr-glossary/upskilling/
university-recruiting	404	https://testlify.com/university-recruiting/
ux-skills	404	https://testlify.com/ux-skills/
ux-designer-interview-questions	404	https://testlify.com/ux-designer-interview-questions/
validity	404	https://testlify.com/validity/
vendor-management-interview-questions	404	https://testlify.com/vendor-management-interview-questions/
video-and-audio-interviews	404	https://testlify.com/video-and-audio-interviews/
video-interview-alternatives	404	https://testlify.com/video-interview-alternatives/
video-interview-comparison	404	https://testlify.com/video-interview-comparison/
video-interviewing-tools	404	https://testlify.com/video-interviewing-tools/
video-interviews	200	https://testlify.com/video-interviews/
virtual-hiring	404	https://testlify.com/virtual-hiring/
virtual-assessments	404	https://testlify.com/virtual-assessments/
vocational-tests	404	https://testlify.com/vocational-tests/
volume-hiring	200	https://testlify.com/volume-hiring/
volume-recruiting	404	https://testlify.com/volume-recruiting/
warehouse-hiring	404	https://testlify.com/warehouse-hiring/
warehouse-interview-questions	404	https://testlify.com/warehouse-interview-questions/
web-developer-interview-questions	404	https://testlify.com/web-developer-interview-questions/
web-developer-test	404	https://testlify.com/web-developer-test/
work-life-balance	429	https://testlify.com/hr-glossary/work-life-balance/
workforce-management	429	https://testlify.com/workforce-management/
workplace-communication	429	https://testlify.com/workplace-communication/
workplace-policy	429	https://testlify.com/workplace-policy/
workplace-culture	429	https://testlify.com/workplace-culture/
workplace-diversity	429	https://testlify.com/workplace-diversity/
workforce-planning-strategy	429	https://testlify.com/workforce-planning-strategy/
workplace-mental-health	429	https://testlify.com/workplace-mental-health/
work-structuring	404	https://testlify.com/work-structuring/
writing-job-descriptions	404	https://testlify.com/writing-job-descriptions/
workplace-wellness	404	https://testlify.com/workplace-wellness/
workplace-skills	404	https://testlify.com/workplace-skills/
workplace-productivity	404	https://testlify.com/workplace-productivity/
