hire-data-scientists	200	https://testlify.com/hire-data-scientists-without-coding-tests/
hire-logistics-workers	404	https://testlify.com/hire-logistics-workers/
hire-machine-operators	404	https://testlify.com/hire-machine-operators/
hire-managers	404	https://testlify.com/hire-managers/
hire-mechanics	404	https://testlify.com/hire-mechanics/
hire-marketing-roles	404	https://testlify.com/hire-marketing-roles/
hire-remote-employees	404	https://testlify.com/hire-remote-employees/
hire-manufacturing-workers	404	https://testlify.com/hire-manufacturing-workers/
hire-repair-technicians	404	https://testlify.com/hire-repair-technicians/
hire-restaurant-staff	404	https://testlify.com/hire-restaurant-staff/
hire-retail-staff	404	https://testlify.com/hire-retail-staff/
hire-skilled-trades	404	https://testlify.com/hire-skilled-trades/
hiring-assessments	404	https://testlify.com/hiring-assessments/
hire-support-workers	404	https://testlify.com/hire-support-workers/
hiring-fraud	404	https://testlify.com/hiring-fraud/
hiring-compliance	404	https://testlify.com/hiring-compliance/
hiring-analytics	404	https://testlify.com/hiring-analytics/
hard-skills-vs-soft-skills	200	https://testlify.com/hard-skills-vs-soft-skills/
help-desk-interview-questions	404	https://testlify.com/help-desk-interview-questions/
hiring-bias	404	https://testlify.com/hiring-bias/
hiring-landscape	404	https://testlify.com/hiring-landscape/
hiring-plan	404	https://testlify.com/hiring-plan/
hiring-process	200	https://testlify.com/hiring-process-checklist/
hiring-funnel	200	https://testlify.com/knowledge-base/hiring-funnel-leaking-talent/
hiring-software-engineers	404	https://testlify.com/hiring-software-engineers/
hiring-strategy	404	https://testlify.com/hiring-strategy/
hiring-trends	200	https://testlify.com/hiring-trends-in-content-marketing-manager-hiring/
hiring-by-role	404	https://testlify.com/hiring-by-role/
hiring-without-interviews	404	https://testlify.com/hiring-without-interviews/
hospitality-hiring	404	https://testlify.com/hospitality-hiring/
how-to-conduct-interviews	404	https://testlify.com/how-to-conduct-interviews/
how-to-hire-remote-employees	404	https://testlify.com/how-to-hire-remote-employees/
how-top-companies-hire	404	https://testlify.com/how-top-companies-hire/
hr-agency	404	https://testlify.com/hr-agency/
hr-analytics	200	https://testlify.com/hr-glossary/hr-analytics/
how-to-hire-developers	404	https://testlify.com/how-to-hire-developers/
hr-ai	404	https://testlify.com/hr-ai/
hr-audit	200	https://testlify.com/hr-glossary/hr-audit/
hr-automation	200	https://testlify.com/hr-automation/
hr-benefits	404	https://testlify.com/hr-benefits/
hr-business-alignment	404	https://testlify.com/hr-business-alignment/
hr-buzzwords	404	https://testlify.com/hr-buzzwords/
hr-communities	200	https://testlify.com/hr-communities-recruiters-should-join/
hr-communication	200	https://testlify.com/hr-communication-email-templates-for-hiring-managers/
hr-compliance	200	https://testlify.com/hr-glossary/hr-compliance/
hr-consultancy	404	https://testlify.com/hr-consultancy/
hr-conversations	404	https://testlify.com/hr-conversations/
hr-crisis-management	404	https://testlify.com/hr-crisis-management/
hr-digital-transformation	200	https://testlify.com/hr-digital-transformation/
hr-for-small-business	404	https://testlify.com/hr-for-small-business/
hr-for-startups	404	https://testlify.com/hr-for-startups/
hr-functions	200	https://testlify.com/hr-functions/
hr-fundamentals	404	https://testlify.com/hr-fundamentals/
hr-kpis	200	https://testlify.com/hr-kpis/
hr-management	404	https://testlify.com/hr-management/
hr-manager-interview-questions	200	https://testlify.com/hr-manager-interview-questions-to-ask-job-applicants/
hr-manager-skills	404	https://testlify.com/hr-manager-skills/
hr-metrics	200	https://testlify.com/
hr-payroll	404	https://testlify.com/hr-payroll/
hr-planning	404	https://testlify.com/hr-planning/
hr-glossary	200	https://testlify.com/hr-glossary/
hr-in-higher-education	404	https://testlify.com/hr-in-higher-education/
hr-recruitment-trends	404	https://testlify.com/hr-recruitment-trends/
hr-skills	200	https://testlify.com/hr-skills/
hr-reporting	200	https://testlify.com/hr-reporting/
hr-goals	200	https://testlify.com/hr-goals-and-objectives/
hr-solutions	200	https://testlify.com/hr-solutions-for-remote-work/
hr-solutions-by-company	404	https://testlify.com/hr-solutions-by-company/
hr-strategy	404	https://testlify.com/hr-strategy/
hr-tech	404	https://testlify.com/hr-tech/
hr-tech-stack	404	https://testlify.com/hr-tech-stack/
hr-interview-questions	404	https://testlify.com/hr-interview-questions/
hr-trends	200	https://testlify.com/hr-trends-in-higher-education/
hrms	200	https://testlify.com/test-library/hrms/
human-resource-management	200	https://testlify.com/hr-glossary/human-resource-management/
hr-tools	200	https://testlify.com/hr-tools/
hybrid-workplace	404	https://testlify.com/hybrid-workplace/
hybrid-work	404	https://testlify.com/hybrid-work/
hr-toolkit	200	https://testlify.com/hr-toolkit/
identifying-top-talent	200	https://testlify.com/identifying-top-talent-with-writing-assessments/
improve-hiring-process	404	https://testlify.com/improve-hiring-process/
inclusive-recruitment	404	https://testlify.com/inclusive-recruitment/
industry-assessments	404	https://testlify.com/industry-assessments/
hr-policies	200	https://testlify.com/hr-glossary/hr-policies/
hr-processes	404	https://testlify.com/hr-processes/
industry-hiring	404	https://testlify.com/industry-hiring/
hr-software	200	https://testlify.com/hr-glossary/hr-software/
it-skills-test	200	https://testlify.com/it-skills-testing-everything-you-need-to-know/
job-boards	404	https://testlify.com/job-boards/
language-proficiency-test	200	https://testlify.com/language-proficiency-testing-software-comparison/
lateral-hires	404	https://testlify.com/lateral-hires/
lateral-hiring	200	https://testlify.com/lateral-hiring/
leadership	200	https://testlify.com/test-library/leadership/
leadership-development	200	https://testlify.com/hr-glossary/leadership-development/
leadership-development-programs	200	https://testlify.com/leadership-development-programs-for-hr-professionals/
leadership-hiring	404	https://testlify.com/leadership-hiring/
leadership-skills-assessment	404	https://testlify.com/leadership-skills-assessment/
leadership-test	404	https://testlify.com/leadership-test/
learning-culture	404	https://testlify.com/learning-culture/
learning-management-system	200	https://testlify.com/hr-glossary/learning-management-system-lms/
live-proctoring	200	https://testlify.com/live-proctoring/
legal-interview-questions	404	https://testlify.com/legal-interview-questions/
lockdown-browser	200	https://testlify.com/lockdown-browser/
logistics-hiring	404	https://testlify.com/logistics-hiring/
logistics-interview-questions	404	https://testlify.com/logistics-interview-questions/
management-hiring	404	https://testlify.com/management-hiring/
management-test	200	https://testlify.com/management-test-guide-for-hiring-managers/
management-tests	404	https://testlify.com/management-tests/
market-analyst-interview-questions	200	https://testlify.com/market-analyst-interview-questions-to-ask-job-applicants/
managing-remote-teams	404	https://testlify.com/managing-remote-teams/
marketing-hiring	404	https://testlify.com/marketing-hiring/
manufacturing-hiring	404	https://testlify.com/manufacturing-hiring/
market-research-analyst-interview-questions	200	https://testlify.com/market-research-analyst-interview-questions-to-ask-job-applicants/
marketing-skills	404	https://testlify.com/marketing-skills/
marketing-manager-interview-questions	200	https://testlify.com/marketing-manager-interview-questions-to-ask-job-applicants/
marketing-skills-test	404	https://testlify.com/marketing-skills-test/
new-hire-orientation	200	https://testlify.com/new-hire-orientations-for-remote-teams/
nlp-test	404	https://testlify.com/nlp-test/
occupational-tests	404	https://testlify.com/occupational-tests/
office-skills-test	404	https://testlify.com/office-skills-test/
onboarding-best-practices	404	https://testlify.com/onboarding-best-practices/
onboarding	200	https://testlify.com/hr-glossary/onboarding/
onboarding-blue-collar-workers	404	https://testlify.com/onboarding-blue-collar-workers/
onboarding-contingent-workers	404	https://testlify.com/onboarding-contingent-workers/
onboarding-checklist	200	https://testlify.com/onboarding-checklist/
organizational-development	200	https://testlify.com/test-library/organizational-development/
payroll	200	https://testlify.com/hr-glossary/payroll/
people-analytics	200	https://testlify.com/hr-glossary/people-analytics/
performance-appraisal	200	https://testlify.com/hr-glossary/performance-appraisal/
performance-management	200	https://testlify.com/hr-glossary/performance-management/
performance-management-remote-teams	404	https://testlify.com/performance-management-remote-teams/
performance-management-system	200	https://testlify.com/performance-management-system-in-remote-teams/
performance-reviews	404	https://testlify.com/performance-reviews/
performance-tracking	404	https://testlify.com/performance-tracking/
personality-assessment	404	https://testlify.com/personality-assessment/
personality-test-types	404	https://testlify.com/personality-test-types/
personality-test	200	https://testlify.com/personality-test-using-images/
work-life-balance	200	https://testlify.com/hr-glossary/work-life-balance/
