agile-recruitment	200	https://testlify.com/agile-recruitment/
ai-hiring	404	https://testlify.com/ai-hiring/
ai-in-hiring	404	https://testlify.com/ai-in-hiring/
ai-interviewers	200	https://testlify.com/ai-interviewers/
ai-in-recruitment	200	https://testlify.com/ai-in-recruitment/
accounts-receivable-interview-questions	404	https://testlify.com/accounts-receivable-interview-questions/
accounting-skills-assessment	404	https://testlify.com/accounting-skills-assessment/
ai-powered-proctoring	200	https://testlify.com/ai-powered-proctoring/
agriculture-hiring	404	https://testlify.com/agriculture-hiring/
ai-recruitment-platforms	200	https://testlify.com/ai-recruitment-platforms/
ai-engineer-interview-questions	404	https://testlify.com/ai-engineer-interview-questions/
accounting-interview-questions	404	https://testlify.com/accounting-interview-questions/
admin-test	404	https://testlify.com/admin-test/
accounting-test	404	https://testlify.com/accounting-test/
accounts-payable-interview-questions	404	https://testlify.com/accounts-payable-interview-questions/
alternatives	200	https://testlify.com/alternatives/
ai-recruitment	200	https://testlify.com/ai-recruitment-platforms/
account-executive-interview-questions	200	https://testlify.com/account-executive-interview-questions/
ai-assessments	200	https://testlify.com/test-library/
ai-proctoring	200	https://testlify.com/ai-proctoring-compliance/
anti-cheating	200	https://testlify.com/anti-cheating-and-proctoring/
ai-interviews	200	https://testlify.com/ai-interviews-for-candidate-screening/
ai-interviewing	404	https://testlify.com/ai-interviewing/
ai-recruitment-tools	404	https://testlify.com/ai-recruitment-tools/
aptitude-tests	200	https://testlify.com/aptitude-tests/
analytical-skills-test	404	https://testlify.com/analytical-skills-test/
ai-resume-screening	404	https://testlify.com/ai-resume-screening/
analytics-skills	404	https://testlify.com/analytics-skills/
aptitude-assessment	404	https://testlify.com/aptitude-assessment/
applicant-tracking-system	200	https://testlify.com/hr-glossary/applicant-tracking-system-ats/
administrative-assistant-interview-questions	200	https://testlify.com/administrative-assistant-interview-questions-to-ask-job-applicants/
ai-in-hr	200	https://testlify.com/ai-in-hr-communication-engagement/
aptitude-test	200	https://testlify.com/test-library/aptitude-test/
assessment-analytics	404	https://testlify.com/assessment-analytics/
assessment-best-practices	404	https://testlify.com/assessment-best-practices/
assessment-quality	404	https://testlify.com/assessment-quality/
assessment-reports	404	https://testlify.com/assessment-reports/
ats-integration	200	https://testlify.com/integrations/
ats	200	https://testlify.com/ats-and-crm-integration/
assessment-metrics	404	https://testlify.com/assessment-metrics/
automated-proctoring	200	https://testlify.com/automated-proctoring/
assessment-tool-alternatives	404	https://testlify.com/assessment-tool-alternatives/
attention-to-detail-test	200	https://testlify.com/attention-to-detail-test-in-hiring-decisions/
attention-to-detail	200	https://testlify.com/attention-to-detail-test-in-hiring-decisions/
assessment-tool-comparison	404	https://testlify.com/assessment-tool-comparison/
attrition-rate	200	https://testlify.com/hr-glossary/attrition-rate/
assessment-validity	404	https://testlify.com/assessment-validity/
ats-alternatives	404	https://testlify.com/ats-alternatives/
ats-comparison	404	https://testlify.com/ats-comparison/
attract-candidates	404	https://testlify.com/attract-candidates/
attracting-top-talent	404	https://testlify.com/attracting-top-talent/
autonomous-teams	404	https://testlify.com/autonomous-teams/
background-screening	200	https://testlify.com/hr-glossary/background-screening/
auditor-interview-questions	404	https://testlify.com/auditor-interview-questions/
behavioral-assessment	200	https://testlify.com/behavioral-assessments-impact-hiring-decisions/
blind-hiring	200	https://testlify.com/blind-hiring/
bad-hire	404	https://testlify.com/bad-hire/
benefits-administrator-interview-questions	200	https://testlify.com/benefits-administrator-interview-questions-to-ask-job-applicants/
background-checks	200	https://testlify.com/background-checks/
billing-clerk-interview-questions	200	https://testlify.com/billing-clerk-interview-questions-to-ask-job-applicants/
behavioural-assessment	404	https://testlify.com/behavioural-assessment/
big-five-test	404	https://testlify.com/big-five-test/
bias-free-hiring	404	https://testlify.com/bias-free-hiring/
benefits-packages	404	https://testlify.com/benefits-packages/
bias-free-assessments	404	https://testlify.com/bias-free-assessments/
blue-collar-recruiting	404	https://testlify.com/blue-collar-recruiting/
big-five-personality-test	404	https://testlify.com/big-five-personality-test/
billing-interview-questions	404	https://testlify.com/billing-interview-questions/
blockchain-developer-interview-questions	404	https://testlify.com/blockchain-developer-interview-questions/
brand-management-interview-questions	404	https://testlify.com/brand-management-interview-questions/
building-talent-pool	404	https://testlify.com/building-talent-pool/
campus-hiring	200	https://testlify.com/campus-hiring/
building-high-performing-teams	404	https://testlify.com/building-high-performing-teams/
building-teams	404	https://testlify.com/building-teams/
brand-manager-interview-questions	301	https://testlify.com/brand-manager-interview-questions-to-ask-job-applicants/
business-development-interview-questions	404	https://testlify.com/business-development-interview-questions/
building-trades-hiring	404	https://testlify.com/building-trades-hiring/
business-hiring	404	https://testlify.com/business-hiring/
candidate-drop-off	200	https://testlify.com/candidate-drop-off/
business-skills-test	404	https://testlify.com/business-skills-test/
candidate-screening	200	https://testlify.com/candidate-screening/
candidate-ghosting	200	https://testlify.com/candidate-ghosting/
candidate-screening-software	200	https://testlify.com/candidate-screening-software/
business-analyst-interview-questions	301	https://testlify.com/business-analyst-interview-questions-to-ask-job-applicants/
business-skills	404	https://testlify.com/business-skills/
business-skills-tests	404	https://testlify.com/business-skills-tests/
business-test	404	https://testlify.com/business-test/
business-judgement-test	301	https://testlify.com/test-library/business-judgement-test/
candidate-experience	200	https://testlify.com/hr-glossary/candidate-experience/
candidate-assessment-experience	404	https://testlify.com/candidate-assessment-experience/
campus-recruiting	404	https://testlify.com/campus-recruiting/
business-tests	404	https://testlify.com/business-tests/
candidate-assessment-report	404	https://testlify.com/candidate-assessment-report/
candidate-communication	404	https://testlify.com/candidate-communication/
career-development	200	https://testlify.com/hr-glossary/career-development/
candidate-evaluation	404	https://testlify.com/candidate-evaluation/
candidate-search	404	https://testlify.com/candidate-search/
candidate-sourcing-tools	404	https://testlify.com/candidate-sourcing-tools/
candidate-verification	404	https://testlify.com/candidate-verification/
candidate-sourcing	404	https://testlify.com/candidate-sourcing/
character-test	404	https://testlify.com/character-test/
certification-verification	404	https://testlify.com/certification-verification/
character-traits	404	https://testlify.com/character-traits/
coding-tests	200	https://testlify.com/coding-tests/
choosing-skills-assessment	404	https://testlify.com/choosing-skills-assessment/
cognitive-ability-tests	200	https://testlify.com/cognitive-ability-tests/
cheating-in-online-tests	404	https://testlify.com/cheating-in-online-tests/
clerk-interview-questions	404	https://testlify.com/clerk-interview-questions/
cloud-skills-test	404	https://testlify.com/cloud-skills-test/
career-pathing	200	https://testlify.com/career-pathing/
coding-assessment-alternatives	404	https://testlify.com/coding-assessment-alternatives/
coding-assessments	404	https://testlify.com/coding-assessments/
coding-assessment-comparison	404	https://testlify.com/coding-assessment-comparison/
cognitive-ability-test	200	https://testlify.com/hr-glossary/cognitive-ability-test/
coding-proctoring	404	https://testlify.com/coding-proctoring/
communication-skills	200	https://testlify.com/communication-skills-in-technical-recruitment/
coding-test-alternatives	404	https://testlify.com/coding-test-alternatives/
cognitive-reasoning	404	https://testlify.com/cognitive-reasoning/
competency-framework	200	https://testlify.com/competency-framework/
cognitive-reasoning-test	404	https://testlify.com/cognitive-reasoning-test/
cognitive-tests	404	https://testlify.com/cognitive-tests/
compare	200	https://testlify.com/video-interviewing-tool/
competency-mapping	200	https://testlify.com/competency-mapping/
compensation-management	200	https://testlify.com/hr-tools/compensation-management/
communication-skills-test	404	https://testlify.com/communication-skills-test/
compensation-and-benefits	200	https://testlify.com/compensation-and-benefits-for-the-future-of-work/
communication-tests	404	https://testlify.com/communication-tests/
claims-adjuster-interview-questions	301	https://testlify.com/claims-adjuster-interview-questions-to-ask-job-applicants/
company-culture	404	https://testlify.com/company-culture/
company-hiring-process	404	https://testlify.com/company-hiring-process/
compensation-interview-questions	404	https://testlify.com/compensation-interview-questions/
computer-literacy-test	200	https://testlify.com/computer-literacy-test-in-hiring-decisions/
conflict-resolution	200	https://testlify.com/conflict-resolution-skills-for-hr-manager/
compliance-checklist	404	https://testlify.com/compliance-checklist/
construction-hiring	404	https://testlify.com/construction-hiring/
compliance-interview-questions	404	https://testlify.com/compliance-interview-questions/
computer-skills-test	404	https://testlify.com/computer-skills-test/
community-manager-interview-questions	301	https://testlify.com/community-manager-interview-questions-to-ask-job-applicants/
continuous-learning	404	https://testlify.com/continuous-learning/
cost-per-hire	200	https://testlify.com/cost-per-hire-calculator/
consultant-interview-questions	404	https://testlify.com/consultant-interview-questions/
content-writer-interview-questions	301	https://testlify.com/content-writer-interview-questions-to-ask-job-applicants/
contract-administrator-interview-questions	301	https://testlify.com/contract-administrator-interview-questions-to-ask-job-applicants/
copywriter-interview-questions	301	https://testlify.com/copywriter-interview-questions-to-ask-job-applicants/
core-hr	301	https://testlify.com/hr-tools/core-hr/
crm-manager-interview-questions	200	https://testlify.com/crm-manager-interview-questions-to-ask-job-applicants/
cost-of-a-bad-hire	000	https://testlify.com/cost-of-a-bad-hire/
corporate-trainer-interview-questions	301	https://testlify.com/corporate-trainer-interview-questions-to-ask-job-applicants/
credential-verification	404	https://testlify.com/credential-verification/
cross-border-hiring	404	https://testlify.com/cross-border-hiring/
crisis-management	301	https://testlify.com/test-library/crisis-management/
cultural-fit	404	https://testlify.com/cultural-fit/
cultural-fit-assessment	404	https://testlify.com/cultural-fit-assessment/
culture-fit-test	404	https://testlify.com/culture-fit-test/
culture-fit-tests	404	https://testlify.com/culture-fit-tests/
customer-service-interview-questions	404	https://testlify.com/customer-service-interview-questions/
data-analyst-interview-questions	200	https://testlify.com/data-analyst-interview-questions-to-ask-job-applicants/
customer-support-test	404	https://testlify.com/customer-support-test/
cv-screening	404	https://testlify.com/cv-screening/
customer-success-interview-questions	404	https://testlify.com/customer-success-interview-questions/
cybersecurity-interview-questions	404	https://testlify.com/cybersecurity-interview-questions/
customer-service-test	404	https://testlify.com/customer-service-test/
data-driven-recruitment	200	https://testlify.com/data-driven-recruitment-syncing-assessment-results/
culture-fit	301	https://testlify.com/test-library/culture-fit/
data-driven-hiring	200	https://testlify.com/data-driven-hiring-leveraging-analytics-in-employment-testing/
developer-hiring	200	https://testlify.com/developer-hiring/
data-analysis-skills	404	https://testlify.com/data-analysis-skills/
culture-fit-assessment	301	https://testlify.com/culture-fit-assessments-for-hiring-remote-teams/
data-engineer-interview-questions	404	https://testlify.com/data-engineer-interview-questions/
data-entry-interview-questions	404	https://testlify.com/data-entry-interview-questions/
data-hiring	404	https://testlify.com/data-hiring/
data-entry-test	404	https://testlify.com/data-entry-test/
developer-assessments	404	https://testlify.com/developer-assessments/
dei	404	https://testlify.com/dei/
database-test	404	https://testlify.com/database-test/
design-skills	404	https://testlify.com/design-skills/
developer-screening	404	https://testlify.com/developer-screening/
developer-tests	404	https://testlify.com/developer-tests/
developer-interview-questions	404	https://testlify.com/developer-interview-questions/
cybersecurity-test	301	https://testlify.com/test-library/cybersecurity-test/
data-entry-clerk-interview-questions	200	https://testlify.com/data-entry-clerk-interview-questions-to-ask-job-applicants/
diversity-and-inclusion	200	https://testlify.com/diversity-and-inclusion-coordinator-interview-questions-to-ask-job-applicants/
difficult-conversations	404	https://testlify.com/difficult-conversations/
devops-test	404	https://testlify.com/devops-test/
digital-recruiting	404	https://testlify.com/digital-recruiting/
distribution-manager-interview-questions	200	https://testlify.com/distribution-manager-interview-questions-to-ask-job-applicants/
data-scientist-interview-questions	200	https://testlify.com/data-scientist-interview-questions-to-ask-job-applicants/
document-controller-interview-questions	200	https://testlify.com/document-controller-interview-questions-to-ask-job-applicants/
diversity-and-inclusion-interview-questions	404	https://testlify.com/diversity-and-inclusion-interview-questions/
diversity-hiring	404	https://testlify.com/diversity-hiring/
diversity-recruitment	404	https://testlify.com/diversity-recruitment/
emotional-intelligence-test	200	https://testlify.com/emotional-intelligence-test-for-hiring-is-a-must-have/
email-templates	200	https://testlify.com/email-templates-for-referrals-internal-hiring/
education-hr	404	https://testlify.com/education-hr/
disc-test	200	https://testlify.com/test-library/disc-testlify-personality-assessment/
employee-engagement	429	https://testlify.com/hr-tools/employee-engagement/
electrical-engineering-test	404	https://testlify.com/electrical-engineering-test/
employee-benefits	200	https://testlify.com/hr-glossary/employee-benefits/
employee-handbook	429	https://testlify.com/employee-handbook/
employee-monitoring	429	https://testlify.com/employee-monitoring/
employee-motivation	429	https://testlify.com/employee-motivation/
employee-onboarding	429	https://testlify.com/employee-onboarding/
employee-performance	429	https://testlify.com/employee-performance/
employee-performance-monitoring	429	https://testlify.com/employee-performance-monitoring/
employee-recognition	429	https://testlify.com/employee-recognition/
employee-recognition-tools	429	https://testlify.com/employee-recognition-tools/
employee-referral-program	429	https://testlify.com/employee-referral-program/
employee-referrals	429	https://testlify.com/employee-referrals/
employee-relations-interview-questions	429	https://testlify.com/employee-relations-interview-questions/
digital-marketing-interview-questions	200	https://testlify.com/digital-marketing-interview-questions-to-ask-job-applicants/
employee-retention	429	https://testlify.com/employee-retention/
employee-satisfaction	429	https://testlify.com/employee-satisfaction/
employee-engagement-strategies	429	https://testlify.com/employee-engagement-strategies-for-different-generations/
employee-selection	429	https://testlify.com/employee-selection/
employee-soft-skills	429	https://testlify.com/employee-soft-skills/
employee-training	429	https://testlify.com/employee-training/
employee-turnover	429	https://testlify.com/employee-turnover/
employee-well-being	429	https://testlify.com/employee-well-being/
employee-wellbeing	429	https://testlify.com/employee-wellbeing/
employer-brand	429	https://testlify.com/employer-brand/
employment-and-labor-laws	429	https://testlify.com/employment-and-labor-laws/
employment-assessments	429	https://testlify.com/employment-assessments/
employer-branding	429	https://testlify.com/employer-branding/
employment-fraud	429	https://testlify.com/employment-fraud/
engineering-skills	429	https://testlify.com/engineering-skills/
engineering-tests	429	https://testlify.com/engineering-tests/
engineering-test	429	https://testlify.com/engineering-test/
english-proficiency-test	429	https://testlify.com/english-proficiency-test/
english-test	429	https://testlify.com/english-test/
english-tests	429	https://testlify.com/english-tests/
enterprise-hiring	429	https://testlify.com/enterprise-hiring/
eq-test	429	https://testlify.com/eq-test/
essential-skills	429	https://testlify.com/essential-skills/
evaluate-data-skills	429	https://testlify.com/evaluate-data-skills/
evaluate-finance-skills	429	https://testlify.com/evaluate-finance-skills/
evaluate-soft-skills	429	https://testlify.com/evaluate-soft-skills/
evaluate-marketing-skills	429	https://testlify.com/evaluate-marketing-skills/
evaluate-software-development-skills	429	https://testlify.com/evaluate-software-development-skills/
event-coordinator-interview-questions	429	https://testlify.com/event-coordinator-interview-questions/
event-planner-interview-questions	429	https://testlify.com/event-planner-interview-questions/
excel-assessment	429	https://testlify.com/excel-assessment/
excel-test	429	https://testlify.com/excel-test/
executive-assistant-interview-questions	429	https://testlify.com/executive-assistant-interview-questions/
executive-hiring	429	https://testlify.com/executive-hiring/
emotional-intelligence-assessment	404	https://testlify.com/emotional-intelligence-assessment/
executive-leadership	429	https://testlify.com/executive-leadership/
exit-interview	429	https://testlify.com/exit-interview/
exit-interview-questions	429	https://testlify.com/exit-interview-questions/
facilities-hiring	429	https://testlify.com/facilities-hiring/
facilities-manager-interview-questions	429	https://testlify.com/facilities-manager-interview-questions/
fair-assessments	429	https://testlify.com/fair-assessments/
disc-assessment	200	https://testlify.com/disc-assessment-help-in-identifying-employee-fit/
fair-hiring	429	https://testlify.com/fair-hiring/
disc-personality-test	200	https://testlify.com/disc-personality-test-for-hiring-is-a-must-have/
fake-resumes	429	https://testlify.com/fake-resumes/
finance-interview-questions	429	https://testlify.com/finance-interview-questions/
employee-attrition	404	https://testlify.com/employee-attrition/
finance-test	429	https://testlify.com/finance-test/
finance-skills	429	https://testlify.com/finance-skills/
financial-analysis-skills	429	https://testlify.com/financial-analysis-skills/
financial-analyst-interview-questions	429	https://testlify.com/financial-analyst-interview-questions/
find-qualified-candidates	429	https://testlify.com/find-qualified-candidates/
employee-communication	404	https://testlify.com/employee-communication/
finding-candidates	429	https://testlify.com/finding-candidates/
flexible-work	429	https://testlify.com/flexible-work/
flexible-work-arrangements	429	https://testlify.com/flexible-work-arrangements/
food-service-hiring	429	https://testlify.com/food-service-hiring/
framework-tests	429	https://testlify.com/framework-tests/
freelance-hiring	429	https://testlify.com/freelance-hiring/
full-stack-developer-interview-questions	429	https://testlify.com/full-stack-developer-interview-questions/
full-stack-developer-test	429	https://testlify.com/full-stack-developer-test/
future-of-work	429	https://testlify.com/future-of-work/
global-hiring	429	https://testlify.com/global-hiring/
global-recruitment	429	https://testlify.com/global-recruitment/
global-team-building	429	https://testlify.com/global-team-building/
global-talent-acquisition	429	https://testlify.com/global-talent-acquisition/
global-teams	429	https://testlify.com/global-teams/
employee-experience	429	https://testlify.com/hr-glossary/employee-experience/
google-ads-test	429	https://testlify.com/google-ads-test/
google-analytics-test	429	https://testlify.com/google-analytics-test/
healthcare-interview-questions	429	https://testlify.com/healthcare-interview-questions/
high-performing-teams	429	https://testlify.com/high-performing-teams/
high-volume-hiring	429	https://testlify.com/high-volume-hiring/
hire-agriculture-workers	429	https://testlify.com/hire-agriculture-workers/
higher-education-hr	429	https://testlify.com/higher-education-hr/
hire-cleaning-staff	429	https://testlify.com/hire-cleaning-staff/
hire-construction-workers	429	https://testlify.com/hire-construction-workers/
hire-customer-service	429	https://testlify.com/hire-customer-service/
hire-content-roles	429	https://testlify.com/hire-content-roles/
hire-data-analysts	429	https://testlify.com/hire-data-analysts/
hire-developers	429	https://testlify.com/hire-developers/
hire-data-scientists	429	https://testlify.com/hire-data-scientists/
hire-executives	429	https://testlify.com/hire-executives/
hire-janitorial-staff	429	https://testlify.com/hire-janitorial-staff/
hire-logistics-workers	429	https://testlify.com/hire-logistics-workers/
hire-machine-operators	429	https://testlify.com/hire-machine-operators/
hire-managers	429	https://testlify.com/hire-managers/
hire-mechanics	429	https://testlify.com/hire-mechanics/
hire-marketing-roles	429	https://testlify.com/hire-marketing-roles/
hire-remote-employees	429	https://testlify.com/hire-remote-employees/
hire-manufacturing-workers	429	https://testlify.com/hire-manufacturing-workers/
hire-repair-technicians	429	https://testlify.com/hire-repair-technicians/
employee-engagement-tools	404	https://testlify.com/employee-engagement-tools/
hire-restaurant-staff	429	https://testlify.com/hire-restaurant-staff/
hire-retail-staff	429	https://testlify.com/hire-retail-staff/
hire-skilled-trades	429	https://testlify.com/hire-skilled-trades/
hiring-assessments	429	https://testlify.com/hiring-assessments/
hire-support-workers	429	https://testlify.com/hire-support-workers/
hiring-fraud	429	https://testlify.com/hiring-fraud/
hiring-compliance	429	https://testlify.com/hiring-compliance/
hiring-analytics	429	https://testlify.com/hiring-analytics/
hard-skills-vs-soft-skills	429	https://testlify.com/hard-skills-vs-soft-skills/
help-desk-interview-questions	429	https://testlify.com/help-desk-interview-questions/
hiring-bias	429	https://testlify.com/hiring-bias/
hiring-landscape	429	https://testlify.com/hiring-landscape/
hiring-plan	429	https://testlify.com/hiring-plan/
hiring-process	429	https://testlify.com/hiring-process/
hiring-funnel	429	https://testlify.com/hiring-funnel/
hiring-software-engineers	429	https://testlify.com/hiring-software-engineers/
hiring-strategy	429	https://testlify.com/hiring-strategy/
hiring-trends	429	https://testlify.com/hiring-trends/
hiring-by-role	429	https://testlify.com/hiring-by-role/
hiring-without-interviews	429	https://testlify.com/hiring-without-interviews/
hospitality-hiring	429	https://testlify.com/hospitality-hiring/
employee-experience-management	404	https://testlify.com/employee-experience-management/
how-to-conduct-interviews	429	https://testlify.com/how-to-conduct-interviews/
how-to-hire-remote-employees	429	https://testlify.com/how-to-hire-remote-employees/
how-top-companies-hire	429	https://testlify.com/how-top-companies-hire/
hr-agency	429	https://testlify.com/hr-agency/
hr-analytics	429	https://testlify.com/hr-analytics/
how-to-hire-developers	429	https://testlify.com/how-to-hire-developers/
hr-ai	429	https://testlify.com/hr-ai/
hr-audit	429	https://testlify.com/hr-audit/
hr-automation	429	https://testlify.com/hr-automation/
hr-benefits	429	https://testlify.com/hr-benefits/
hr-business-alignment	429	https://testlify.com/hr-business-alignment/
hr-buzzwords	429	https://testlify.com/hr-buzzwords/
hr-communities	429	https://testlify.com/hr-communities/
hr-communication	429	https://testlify.com/hr-communication/
hr-compliance	429	https://testlify.com/hr-compliance/
hr-consultancy	429	https://testlify.com/hr-consultancy/
hr-conversations	429	https://testlify.com/hr-conversations/
hr-crisis-management	429	https://testlify.com/hr-crisis-management/
hr-digital-transformation	429	https://testlify.com/hr-digital-transformation/
hr-for-small-business	429	https://testlify.com/hr-for-small-business/
hr-for-startups	429	https://testlify.com/hr-for-startups/
hr-functions	429	https://testlify.com/hr-functions/
hr-fundamentals	429	https://testlify.com/hr-fundamentals/
hr-kpis	429	https://testlify.com/hr-kpis/
hr-management	429	https://testlify.com/hr-management/
hr-manager-interview-questions	429	https://testlify.com/hr-manager-interview-questions/
hr-manager-skills	429	https://testlify.com/hr-manager-skills/
hr-metrics	429	https://testlify.com/hr-metrics/
hr-payroll	429	https://testlify.com/hr-payroll/
hr-planning	429	https://testlify.com/hr-planning/
hr-glossary	429	https://testlify.com/hr-glossary/
hr-in-higher-education	429	https://testlify.com/hr-in-higher-education/
hr-recruitment-trends	429	https://testlify.com/hr-recruitment-trends/
hr-skills	429	https://testlify.com/hr-skills/
hr-reporting	429	https://testlify.com/hr-reporting/
hr-goals	429	https://testlify.com/hr-goals/
hr-solutions	429	https://testlify.com/hr-solutions/
hr-solutions-by-company	429	https://testlify.com/hr-solutions-by-company/
hr-strategy	429	https://testlify.com/hr-strategy/
employee-development	200	https://testlify.com/test-library/employee-development-skills/
hr-tech	429	https://testlify.com/hr-tech/
hr-tech-stack	429	https://testlify.com/hr-tech-stack/
hr-interview-questions	429	https://testlify.com/hr-interview-questions/
hr-trends	429	https://testlify.com/hr-trends/
hrms	429	https://testlify.com/hrms/
human-resource-management	429	https://testlify.com/human-resource-management/
hr-tools	429	https://testlify.com/hr-tools/
hybrid-workplace	429	https://testlify.com/hybrid-workplace/
hybrid-work	429	https://testlify.com/hybrid-work/
hr-toolkit	429	https://testlify.com/hr-toolkit/
identifying-top-talent	429	https://testlify.com/identifying-top-talent/
improve-hiring-process	429	https://testlify.com/improve-hiring-process/
inclusive-recruitment	429	https://testlify.com/inclusive-recruitment/
industry-assessments	429	https://testlify.com/industry-assessments/
hr-policies	429	https://testlify.com/hr-policies/
hr-processes	429	https://testlify.com/hr-processes/
industry-hiring	429	https://testlify.com/industry-hiring/
hr-software	429	https://testlify.com/hr-software/
industry-recruiting	429	https://testlify.com/industry-recruiting/
industry-specific-hiring	429	https://testlify.com/industry-specific-hiring/
insurance-interview-questions	429	https://testlify.com/insurance-interview-questions/
integrity-test	429	https://testlify.com/integrity-test/
internal-communication	429	https://testlify.com/internal-communication/
internal-mobility	429	https://testlify.com/internal-mobility/
interpersonal-skills	429	https://testlify.com/interpersonal-skills/
interview-integrity	429	https://testlify.com/interview-integrity/
interview-email-templates	429	https://testlify.com/interview-email-templates/
interview-metrics	429	https://testlify.com/interview-metrics/
interview-methods	429	https://testlify.com/interview-methods/
interview-questions-bank	429	https://testlify.com/interview-questions-bank/
interview-questions	429	https://testlify.com/interview-questions/
interview-questions-by-role	429	https://testlify.com/interview-questions-by-role/
interview-red-flags	429	https://testlify.com/interview-red-flags/
interview-software	429	https://testlify.com/interview-software/
interview-to-hire-ratio	429	https://testlify.com/interview-to-hire-ratio/
hr-technology	429	https://testlify.com/hr-technology/
interview-tool-alternatives	429	https://testlify.com/interview-tool-alternatives/
interviewing-comparison	429	https://testlify.com/interviewing-comparison/
inventory-analyst-interview-questions	429	https://testlify.com/inventory-analyst-interview-questions/
interviewing-platforms	429	https://testlify.com/interviewing-platforms/
it-skills-test	429	https://testlify.com/it-skills-test/
it-hiring-trends	429	https://testlify.com/it-hiring-trends/
it-test	429	https://testlify.com/it-test/
it-support-interview-questions	429	https://testlify.com/it-support-interview-questions/
job-advert	429	https://testlify.com/job-advert/
job-boards	429	https://testlify.com/job-boards/
hr-terms	429	https://testlify.com/hr-terms/
job-crafting	429	https://testlify.com/job-crafting/
job-description	429	https://testlify.com/job-description/
job-design	429	https://testlify.com/job-design/
job-offer-templates	429	https://testlify.com/job-offer-templates/
job-posting-templates	429	https://testlify.com/job-posting-templates/
job-profile	429	https://testlify.com/job-profile/
job-profiles	429	https://testlify.com/job-profiles/
job-requisition	429	https://testlify.com/job-requisition/
job-satisfaction	429	https://testlify.com/job-satisfaction/
job-search-tools	429	https://testlify.com/job-search-tools/
labor-laws	429	https://testlify.com/labor-laws/
job-tests	429	https://testlify.com/job-tests/
job-templates	429	https://testlify.com/job-templates/
language-proficiency-test	429	https://testlify.com/language-proficiency-test/
lateral-hires	429	https://testlify.com/lateral-hires/
lateral-hiring	429	https://testlify.com/lateral-hiring/
leadership	429	https://testlify.com/leadership/
leadership-development	429	https://testlify.com/leadership-development/
leadership-development-programs	429	https://testlify.com/leadership-development-programs/
leadership-hiring	429	https://testlify.com/leadership-hiring/
leadership-skills-assessment	429	https://testlify.com/leadership-skills-assessment/
leadership-test	429	https://testlify.com/leadership-test/
learning-culture	429	https://testlify.com/learning-culture/
leadership-styles	429	https://testlify.com/leadership-styles/
learning-and-development-interview-questions	429	https://testlify.com/learning-and-development-interview-questions/
learning-management-system	429	https://testlify.com/learning-management-system/
lms	429	https://testlify.com/lms/
live-proctoring	429	https://testlify.com/live-proctoring/
legal-interview-questions	429	https://testlify.com/legal-interview-questions/
lockdown-browser	429	https://testlify.com/lockdown-browser/
logistics-hiring	429	https://testlify.com/logistics-hiring/
logistics-interview-questions	429	https://testlify.com/logistics-interview-questions/
management-hiring	429	https://testlify.com/management-hiring/
management-test	429	https://testlify.com/management-test/
management-tests	429	https://testlify.com/management-tests/
market-analyst-interview-questions	429	https://testlify.com/market-analyst-interview-questions/
managing-remote-teams	429	https://testlify.com/managing-remote-teams/
marketing-hiring	429	https://testlify.com/marketing-hiring/
manufacturing-hiring	429	https://testlify.com/manufacturing-hiring/
market-research-analyst-interview-questions	429	https://testlify.com/market-research-analyst-interview-questions/
marketing-skills	429	https://testlify.com/marketing-skills/
marketing-manager-interview-questions	429	https://testlify.com/marketing-manager-interview-questions/
marketing-skills-test	429	https://testlify.com/marketing-skills-test/
marketing-test	429	https://testlify.com/marketing-test/
mass-recruiting	429	https://testlify.com/mass-recruiting/
mechanic-hiring	429	https://testlify.com/mechanic-hiring/
medical-coder-interview-questions	429	https://testlify.com/medical-coder-interview-questions/
microsoft-office-test	429	https://testlify.com/microsoft-office-test/
motivational-assessment	429	https://testlify.com/motivational-assessment/
mechanical-test	429	https://testlify.com/mechanical-test/
network-engineer-interview-questions	429	https://testlify.com/network-engineer-interview-questions/
new-hire-onboarding	429	https://testlify.com/new-hire-onboarding/
new-hire-orientation	429	https://testlify.com/new-hire-orientation/
no-interview-hiring	429	https://testlify.com/no-interview-hiring/
occupational-skills-test	429	https://testlify.com/occupational-skills-test/
nlp-test	429	https://testlify.com/nlp-test/
occupational-tests	429	https://testlify.com/occupational-tests/
marketing-interview-questions	429	https://testlify.com/marketing-interview-questions/
office-manager-interview-questions	429	https://testlify.com/office-manager-interview-questions/
office-skills-test	429	https://testlify.com/office-skills-test/
onboarding-best-practices	429	https://testlify.com/onboarding-best-practices/
onboarding	429	https://testlify.com/onboarding/
onboarding-blue-collar-workers	429	https://testlify.com/onboarding-blue-collar-workers/
onboarding-contingent-workers	429	https://testlify.com/onboarding-contingent-workers/
onboarding-checklist	429	https://testlify.com/onboarding-checklist/
onboarding-process	429	https://testlify.com/onboarding-process/
onboarding-email-templates	429	https://testlify.com/onboarding-email-templates/
one-way-interviews	429	https://testlify.com/one-way-interviews/
onboarding-templates	429	https://testlify.com/onboarding-templates/
online-exam-proctoring	429	https://testlify.com/online-exam-proctoring/
online-proctoring	429	https://testlify.com/online-proctoring/
online-test-integrity	429	https://testlify.com/online-test-integrity/
operations-interview-questions	429	https://testlify.com/operations-interview-questions/
operations-manager-interview-questions	429	https://testlify.com/operations-manager-interview-questions/
org-development	429	https://testlify.com/org-development/
organizational-culture	429	https://testlify.com/organizational-culture/
organizational-development	429	https://testlify.com/organizational-development/
outdoor-hiring	429	https://testlify.com/outdoor-hiring/
pay-offers	429	https://testlify.com/pay-offers/
passive-candidates	429	https://testlify.com/passive-candidates/
payroll-management	429	https://testlify.com/payroll-management/
payroll	429	https://testlify.com/payroll/
people-analytics	429	https://testlify.com/people-analytics/
people-management-skills	429	https://testlify.com/people-management-skills/
performance-appraisal	429	https://testlify.com/performance-appraisal/
performance-management	429	https://testlify.com/performance-management/
performance-management-remote-teams	429	https://testlify.com/performance-management-remote-teams/
performance-management-system	429	https://testlify.com/performance-management-system/
performance-reviews	429	https://testlify.com/performance-reviews/
performance-tracking	429	https://testlify.com/performance-tracking/
personality-assessment	429	https://testlify.com/personality-assessment/
personality-test-types	429	https://testlify.com/personality-test-types/
personality-test	429	https://testlify.com/personality-test/
personality-tests	429	https://testlify.com/personality-tests/
positive-candidate-experience	429	https://testlify.com/positive-candidate-experience/
plagiarism-detection	429	https://testlify.com/plagiarism-detection/
positive-company-culture	429	https://testlify.com/positive-company-culture/
positive-workplace-culture	429	https://testlify.com/positive-workplace-culture/
pr-interview-questions	429	https://testlify.com/pr-interview-questions/
pre-boarding	429	https://testlify.com/pre-boarding/
pre-employment-screening	429	https://testlify.com/pre-employment-screening/
pre-employment-assessments	429	https://testlify.com/pre-employment-assessments/
pre-employment-testing-software	429	https://testlify.com/pre-employment-testing-software/
pre-employment-testing	429	https://testlify.com/pre-employment-testing/
pre-employment-tests	429	https://testlify.com/pre-employment-tests/
pre-hire-assessments	429	https://testlify.com/pre-hire-assessments/
pre-hiring-assessments	429	https://testlify.com/pre-hiring-assessments/
pre-screening-tool	429	https://testlify.com/pre-screening-tool/
prevent-cheating	429	https://testlify.com/prevent-cheating/
proctored-coding	429	https://testlify.com/proctored-coding/
proctoring	429	https://testlify.com/proctoring/
procurement-interview-questions	429	https://testlify.com/procurement-interview-questions/
product-analyst-interview-questions	429	https://testlify.com/product-analyst-interview-questions/
product-manager-interview-questions	429	https://testlify.com/product-manager-interview-questions/
professional-skills-test	429	https://testlify.com/professional-skills-test/
production-planner-interview-questions	429	https://testlify.com/production-planner-interview-questions/
program-manager-interview-questions	429	https://testlify.com/program-manager-interview-questions/
programming-skills-test	429	https://testlify.com/programming-skills-test/
programming-language-tests	429	https://testlify.com/programming-language-tests/
programming-tests	429	https://testlify.com/programming-tests/
programming-interview-questions	429	https://testlify.com/programming-interview-questions/
project-manager-interview-questions	429	https://testlify.com/project-manager-interview-questions/
proxy-interview	429	https://testlify.com/proxy-interview/
psychometric-alternatives	429	https://testlify.com/psychometric-alternatives/
psychometric-assessment	429	https://testlify.com/psychometric-assessment/
psychometric-comparison	429	https://testlify.com/psychometric-comparison/
psychometric-test	429	https://testlify.com/psychometric-test/
psychometric-test-alternatives	429	https://testlify.com/psychometric-test-alternatives/
public-relations-interview-questions	429	https://testlify.com/public-relations-interview-questions/
purchasing-interview-questions	429	https://testlify.com/purchasing-interview-questions/
qa-assessment	429	https://testlify.com/qa-assessment/
qa-test	429	https://testlify.com/qa-test/
qa-interview-questions	429	https://testlify.com/qa-interview-questions/
qa-tests	429	https://testlify.com/qa-tests/
quality-assurance-interview-questions	429	https://testlify.com/quality-assurance-interview-questions/
quality-control-interview-questions	429	https://testlify.com/quality-control-interview-questions/
quality-of-hire	429	https://testlify.com/quality-of-hire/
quiet-quitting	429	https://testlify.com/quiet-quitting/
reasoning-test	429	https://testlify.com/reasoning-test/
reasoning-tests	429	https://testlify.com/reasoning-tests/
recruiter-career	429	https://testlify.com/recruiter-career/
recruiter-interview-questions	429	https://testlify.com/recruiter-interview-questions/
recruiter-community	429	https://testlify.com/recruiter-community/
recruiter-skills	429	https://testlify.com/recruiter-skills/
recruiter-role	429	https://testlify.com/recruiter-role/
recruiting-by-industry	429	https://testlify.com/recruiting-by-industry/
recruiting-challenges	429	https://testlify.com/recruiting-challenges/
recruiting-metrics	429	https://testlify.com/recruiting-metrics/
recruiting-software	429	https://testlify.com/recruiting-software/
recruiting-tech-stack	429	https://testlify.com/recruiting-tech-stack/
recruiting-technology	429	https://testlify.com/recruiting-technology/
recruiting-trends	429	https://testlify.com/recruiting-trends/
recruitment-agency	429	https://testlify.com/recruitment-agency/
recruitment-ai	429	https://testlify.com/recruitment-ai/
recruitment-automation	429	https://testlify.com/recruitment-automation/
recruitment-comparison	429	https://testlify.com/recruitment-comparison/
recruitment-compliance	429	https://testlify.com/recruitment-compliance/
recruitment-efficiency	429	https://testlify.com/recruitment-efficiency/
recruitment-email-templates	429	https://testlify.com/recruitment-email-templates/
psychometric-tests	429	https://testlify.com/psychometric-tests/
recruitment-methods	429	https://testlify.com/recruitment-methods/
recruitment-funnel	429	https://testlify.com/recruitment-funnel/
recruitment-metrics	429	https://testlify.com/recruitment-metrics/
recruitment-plan	429	https://testlify.com/recruitment-plan/
recruitment-fraud	429	https://testlify.com/recruitment-fraud/
recruitment-process-outsourcing	429	https://testlify.com/recruitment-process-outsourcing/
recruitment-software-alternatives	429	https://testlify.com/recruitment-software-alternatives/
recruitment-planning	429	https://testlify.com/recruitment-planning/
recruitment-sources	429	https://testlify.com/recruitment-sources/
recruitment-strategy	429	https://testlify.com/recruitment-strategy/
recruitment-tech-trends	429	https://testlify.com/recruitment-tech-trends/
recruitment-tech-stack	429	https://testlify.com/recruitment-tech-stack/
recruitment-technology	429	https://testlify.com/recruitment-technology/
recruitment-tools	429	https://testlify.com/recruitment-tools/
recruitment-trends	429	https://testlify.com/recruitment-trends/
recruitment-types	429	https://testlify.com/recruitment-types/
reduce-time-to-hire	429	https://testlify.com/reduce-time-to-hire/
reference-checks	429	https://testlify.com/reference-checks/
referral-program	429	https://testlify.com/referral-program/
regulatory-affairs-interview-questions	429	https://testlify.com/regulatory-affairs-interview-questions/
recruitment-process	429	https://testlify.com/recruitment-process/
remote-assessments	429	https://testlify.com/remote-assessments/
reliability-test	429	https://testlify.com/reliability-test/
remote-hiring	429	https://testlify.com/remote-hiring/
remote-performance-management	429	https://testlify.com/remote-performance-management/
remote-interviews	429	https://testlify.com/remote-interviews/
remote-proctoring	429	https://testlify.com/remote-proctoring/
remote-recruitment	429	https://testlify.com/remote-recruitment/
remote-teams	429	https://testlify.com/remote-teams/
remote-work	429	https://testlify.com/remote-work/
remote-workforce	429	https://testlify.com/remote-workforce/
recruitment-legal	429	https://testlify.com/recruitment-legal/
people-management	429	https://testlify.com/people-management/
remote-workforce-management	429	https://testlify.com/remote-workforce-management/
research-analyst-interview-questions	429	https://testlify.com/research-analyst-interview-questions/
recruitment-kpis	429	https://testlify.com/recruitment-kpis/
research-and-development-interview-questions	429	https://testlify.com/research-and-development-interview-questions/
reskilling	429	https://testlify.com/reskilling/
resume-screening	429	https://testlify.com/resume-screening/
resume-parsing	429	https://testlify.com/resume-parsing/
resume-verification	429	https://testlify.com/resume-verification/
retail-hiring	429	https://testlify.com/retail-hiring/
retail-manager-interview-questions	429	https://testlify.com/retail-manager-interview-questions/
retention-strategies	429	https://testlify.com/retention-strategies/
risk-analyst-interview-questions	429	https://testlify.com/risk-analyst-interview-questions/
reverse-recruiting	429	https://testlify.com/reverse-recruiting/
role-assessments	429	https://testlify.com/role-assessments/
role-based-hiring	429	https://testlify.com/role-based-hiring/
role-based-recruiting	429	https://testlify.com/role-based-recruiting/
role-specific-tests	429	https://testlify.com/role-specific-tests/
salary-and-benefits	429	https://testlify.com/salary-and-benefits/
rpo	429	https://testlify.com/rpo/
salary-negotiation	429	https://testlify.com/salary-negotiation/
sales-hiring	429	https://testlify.com/sales-hiring/
sales-aptitude-test	429	https://testlify.com/sales-aptitude-test/
sales-interview-questions	429	https://testlify.com/sales-interview-questions/
sales-test	429	https://testlify.com/sales-test/
sales-tests	429	https://testlify.com/sales-tests/
screening-candidates	429	https://testlify.com/screening-candidates/
screening-developers	429	https://testlify.com/screening-developers/
screening-tools	429	https://testlify.com/screening-tools/
seasonal-hiring	429	https://testlify.com/seasonal-hiring/
security-officer-interview-questions	429	https://testlify.com/security-officer-interview-questions/
selection-methods	429	https://testlify.com/selection-methods/
situational-judgement-test	429	https://testlify.com/situational-judgement-test/
service-hiring	429	https://testlify.com/service-hiring/
situational-judgment-test	429	https://testlify.com/situational-judgment-test/
situational-judgment	429	https://testlify.com/situational-judgment/
skill-assessment	429	https://testlify.com/skill-assessment/
skill-based-hiring	429	https://testlify.com/skill-based-hiring/
skilled-trades-hiring	429	https://testlify.com/skilled-trades-hiring/
skilled-trades-test	429	https://testlify.com/skilled-trades-test/
skilled-trades-tests	429	https://testlify.com/skilled-trades-tests/
skill-assessment-best-practices	429	https://testlify.com/skill-assessment-best-practices/
skills-assessment	429	https://testlify.com/skills-assessment/
skills-based-hiring	429	https://testlify.com/skills-based-hiring/
skills-comparison	429	https://testlify.com/skills-comparison/
skills-framework	429	https://testlify.com/skills-framework/
skills-gap	429	https://testlify.com/skills-gap/
skills-gap-analysis	429	https://testlify.com/skills-gap-analysis/
skills-intelligence	429	https://testlify.com/skills-intelligence/
skills-management	429	https://testlify.com/skills-management/
skills-mapping	429	https://testlify.com/skills-mapping/
skills-mapping-template	429	https://testlify.com/skills-mapping-template/
slow-hiring	429	https://testlify.com/slow-hiring/
skills-taxonomy	429	https://testlify.com/skills-taxonomy/
small-business-hr	429	https://testlify.com/small-business-hr/
social-media-recruiting	429	https://testlify.com/social-media-recruiting/
social-recruiting	429	https://testlify.com/social-recruiting/
soft-skills	429	https://testlify.com/soft-skills/
soft-skills-test	429	https://testlify.com/soft-skills-test/
soft-skills-assessment	429	https://testlify.com/soft-skills-assessment/
software-development-skills	429	https://testlify.com/software-development-skills/
software-engineer-hiring	429	https://testlify.com/software-engineer-hiring/
skills-mismatch	429	https://testlify.com/skills-mismatch/
software-testing-test	429	https://testlify.com/software-testing-test/
software-testing-tests	429	https://testlify.com/software-testing-tests/
sources-of-recruitment	429	https://testlify.com/sources-of-recruitment/
sourcing-hard-to-fill-roles	429	https://testlify.com/sourcing-hard-to-fill-roles/
sourcing-for-startups	429	https://testlify.com/sourcing-for-startups/
sourcing-passive-candidates	429	https://testlify.com/sourcing-passive-candidates/
sourcing-strategy	429	https://testlify.com/sourcing-strategy/
sourcing-tools	429	https://testlify.com/sourcing-tools/
social-media-interview-questions	429	https://testlify.com/social-media-interview-questions/
specialized-roles-hiring	429	https://testlify.com/specialized-roles-hiring/
staffing-process	429	https://testlify.com/staffing-process/
strategic-human-resource-planning	429	https://testlify.com/strategic-human-resource-planning/
streamline-hiring-process	429	https://testlify.com/streamline-hiring-process/
structured-interviews	429	https://testlify.com/structured-interviews/
structured-interview	429	https://testlify.com/structured-interview/
succession-planning	429	https://testlify.com/succession-planning/
supplier-relationship-manager-interview-questions	429	https://testlify.com/supplier-relationship-manager-interview-questions/
supply-chain-interview-questions	429	https://testlify.com/supply-chain-interview-questions/
system-administrator-interview-questions	429	https://testlify.com/system-administrator-interview-questions/
talent-acquisition	429	https://testlify.com/talent-acquisition/
talent-acquisition-best-practices	429	https://testlify.com/talent-acquisition-best-practices/
talent-acquisition-strategy	429	https://testlify.com/talent-acquisition-strategy/
talent-acquisition-interview-questions	429	https://testlify.com/talent-acquisition-interview-questions/
talent-assessment-alternatives	429	https://testlify.com/talent-assessment-alternatives/
talent-assessment	429	https://testlify.com/talent-assessment/
talent-assessment-tools	429	https://testlify.com/talent-assessment-tools/
talent-attraction	429	https://testlify.com/talent-attraction/
talent-development	429	https://testlify.com/talent-development/
talent-lifecycle	429	https://testlify.com/talent-lifecycle/
talent-management-strategy	429	https://testlify.com/talent-management-strategy/
talent-pipeline	429	https://testlify.com/talent-pipeline/
talent-management	429	https://testlify.com/talent-management/
talent-retention	429	https://testlify.com/talent-retention/
talent-sourcing	429	https://testlify.com/talent-sourcing/
talent-planning	429	https://testlify.com/talent-planning/
state-labor-laws	429	https://testlify.com/state-labor-laws/
team-assessment-tools	429	https://testlify.com/team-assessment-tools/
staffing-services	429	https://testlify.com/staffing-services/
team-building	429	https://testlify.com/team-building/
start-hr-business	429	https://testlify.com/start-hr-business/
team-building-assessments	429	https://testlify.com/team-building-assessments/
team-structure	429	https://testlify.com/team-structure/
tech-hiring	429	https://testlify.com/tech-hiring/
tech-recruitment-trends	429	https://testlify.com/tech-recruitment-trends/
tech-hiring-trends	429	https://testlify.com/tech-hiring-trends/
tech-talent-trends	429	https://testlify.com/tech-talent-trends/
tech-screening	429	https://testlify.com/tech-screening/
technical-assessment-tools	429	https://testlify.com/technical-assessment-tools/
technical-assessments	429	https://testlify.com/technical-assessments/
talent-pool	429	https://testlify.com/talent-pool/
technical-interview-questions	429	https://testlify.com/technical-interview-questions/
technical-hiring	429	https://testlify.com/technical-hiring/
technical-screening	429	https://testlify.com/technical-screening/
staffing	429	https://testlify.com/staffing/
technical-skills-test	429	https://testlify.com/technical-skills-test/
technology-trends	429	https://testlify.com/technology-trends/
technical-tests	429	https://testlify.com/technical-tests/
test-integrity	429	https://testlify.com/test-integrity/
test-validity	429	https://testlify.com/test-validity/
testlify-vs	429	https://testlify.com/testlify-vs/
time-to-hire	429	https://testlify.com/time-to-hire/
thriving-workplace	429	https://testlify.com/thriving-workplace/
trade-skills-test	429	https://testlify.com/trade-skills-test/
trade-skills-tests	429	https://testlify.com/trade-skills-tests/
training-and-development	429	https://testlify.com/training-and-development/
types-of-hiring-bias	429	https://testlify.com/types-of-hiring-bias/
types-of-pre-employment-tests	429	https://testlify.com/types-of-pre-employment-tests/
typing-test	429	https://testlify.com/typing-test/
ui-design-test	429	https://testlify.com/ui-design-test/
ui-ux-designer-interview-questions	429	https://testlify.com/ui-ux-designer-interview-questions/
unbiased-assessments	429	https://testlify.com/unbiased-assessments/
unbiased-hiring	429	https://testlify.com/unbiased-hiring/
unconscious-bias	429	https://testlify.com/unconscious-bias/
upskilling	429	https://testlify.com/upskilling/
upskilling-and-reskilling	429	https://testlify.com/upskilling-and-reskilling/
university-recruiting	429	https://testlify.com/university-recruiting/
ux-designer-interview-questions	429	https://testlify.com/ux-designer-interview-questions/
ux-skills	429	https://testlify.com/ux-skills/
validity	429	https://testlify.com/validity/
vendor-management-interview-questions	429	https://testlify.com/vendor-management-interview-questions/
video-and-audio-interviews	429	https://testlify.com/video-and-audio-interviews/
video-interview-alternatives	429	https://testlify.com/video-interview-alternatives/
video-interview-comparison	429	https://testlify.com/video-interview-comparison/
video-interviews	429	https://testlify.com/video-interviews/
video-interviewing-tools	429	https://testlify.com/video-interviewing-tools/
virtual-hiring	429	https://testlify.com/virtual-hiring/
virtual-assessments	429	https://testlify.com/virtual-assessments/
vocational-tests	429	https://testlify.com/vocational-tests/
volume-recruiting	429	https://testlify.com/volume-recruiting/
volume-hiring	429	https://testlify.com/volume-hiring/
warehouse-hiring	429	https://testlify.com/warehouse-hiring/
warehouse-interview-questions	429	https://testlify.com/warehouse-interview-questions/
web-developer-interview-questions	429	https://testlify.com/web-developer-interview-questions/
web-developer-test	429	https://testlify.com/web-developer-test/
work-life-balance	429	https://testlify.com/work-life-balance/
work-structuring	429	https://testlify.com/work-structuring/
workplace-negativity	200	https://testlify.com/workplace-negativity/
workforce-management	429	https://testlify.com/hr-tools/workforce-management/
workplace-conflict	200	https://testlify.com/workplace-conflict-resolution-strategies/
workplace-communication	404	https://testlify.com/workplace-communication/
workplace-policy	404	https://testlify.com/workplace-policy/
workplace-culture	404	https://testlify.com/workplace-culture/
workplace-diversity	404	https://testlify.com/workplace-diversity/
workforce-planning-strategy	404	https://testlify.com/workforce-planning-strategy/
workplace-mental-health	404	https://testlify.com/workplace-mental-health/
writing-job-descriptions	404	https://testlify.com/writing-job-descriptions/
workplace-wellness	404	https://testlify.com/workplace-wellness/
workplace-skills	404	https://testlify.com/workplace-skills/
workplace-productivity	404	https://testlify.com/workplace-productivity/
workforce-planning	200	https://testlify.com/hr-glossary/workforce-planning/
