url,slug,cluster
https://testlify.com/,,PAGE: Unclustered / Other
https://testlify.com/%d9%82%d8%a7%d8%b1%d9%86-%d8%a8%d9%8a%d9%86-%d8%a7%d9%84%d8%ae%d8%b7%d8%b7/,%d9%82%d8%a7%d8%b1%d9%86-%d8%a8%d9%8a%d9%86-%d8%a7%d9%84%d8%ae%d8%b7%d8%b7,PAGE: Unclustered / Other
https://testlify.com/%e3%83%91%e3%83%bc%e3%83%88%e3%83%8a%e3%83%bc/,%e3%83%91%e3%83%bc%e3%83%88%e3%83%8a%e3%83%bc,PAGE: Unclustered / Other
https://testlify.com/%e3%83%96%e3%83%ad%e3%82%b0/,%e3%83%96%e3%83%ad%e3%82%b0,PAGE: Unclustered / Other
https://testlify.com/%e3%83%97%e3%83%a9%e3%83%b3%e3%82%92%e6%af%94%e8%bc%83/,%e3%83%97%e3%83%a9%e3%83%b3%e3%82%92%e6%af%94%e8%bc%83,PAGE: Unclustered / Other
https://testlify.com/%e5%93%b2%e5%ad%a6/,%e5%93%b2%e5%ad%a6,PAGE: Unclustered / Other
https://testlify.com/%e5%95%8f%e9%a1%8c/,%e5%95%8f%e9%a1%8c,PAGE: Unclustered / Other
https://testlify.com/%e8%a3%bd%e5%93%81%e3%83%84%e3%82%a2%e3%83%bc/,%e8%a3%bd%e5%93%81%e3%83%84%e3%82%a2%e3%83%bc,PAGE: Unclustered / Other
https://testlify.com/360-degree-feedback-test/,360-degree-feedback-test,PAGE: Assessments & Testing
https://testlify.com/50pros/,50pros,PAGE: Unclustered / Other
https://testlify.com/a-comprehensive-assessment-approach/,a-comprehensive-assessment-approach,PAGE: Assessments & Testing
https://testlify.com/about/,about,PAGE: Unclustered / Other
https://testlify.com/accessibility-policy/,accessibility-policy,PAGE: HR Operations & Compliance
https://testlify.com/accurecruiter-alternatives/,accurecruiter-alternatives,PAGE: Competitor Alternatives & Comparisons
https://testlify.com/ai-demo/,ai-demo,PAGE: Unclustered / Other
https://testlify.com/ai-interview-question-generator/,ai-interview-question-generator,PAGE: Interview Questions (by role)
https://testlify.com/ai-powered-interviewing-tool/,ai-powered-interviewing-tool,PAGE: Recruiting & Talent Acquisition
https://testlify.com/ai-powered-talent-assessment-platform/,ai-powered-talent-assessment-platform,PAGE: Assessments & Testing
https://testlify.com/ai-resume-screener/,ai-resume-screener,PAGE: Unclustered / Other
https://testlify.com/anstallning-av-arbetstagare/,anstallning-av-arbetstagare,PAGE: Unclustered / Other
https://testlify.com/anti-cheating-and-proctoring/,anti-cheating-and-proctoring,PAGE: Assessments & Testing
https://testlify.com/aon-alternatives/,aon-alternatives,PAGE: Competitor Alternatives & Comparisons
https://testlify.com/api/,api,PAGE: Unclustered / Other
https://testlify.com/applicant-funnel-calculator/,applicant-funnel-calculator,PAGE: Recruiting & Talent Acquisition
https://testlify.com/aqai-alternatives/,aqai-alternatives,PAGE: Competitor Alternatives & Comparisons
https://testlify.com/architecture-overview/,architecture-overview,PAGE: Unclustered / Other
https://testlify.com/assess-and-develop-your-workplace-abilities/,assess-and-develop-your-workplace-abilities,"PAGE: Workplace, Culture & Future of Work"
https://testlify.com/assess-candidates-alternatives/,assess-candidates-alternatives,PAGE: Competitor Alternatives & Comparisons
https://testlify.com/assessfirst-alternatives/,assessfirst-alternatives,PAGE: Competitor Alternatives & Comparisons
https://testlify.com/assesshub-alternatives/,assesshub-alternatives,PAGE: Competitor Alternatives & Comparisons
https://testlify.com/assessio-alternatives/,assessio-alternatives,PAGE: Competitor Alternatives & Comparisons
https://testlify.com/assessmentx-alternatives/,assessmentx-alternatives,PAGE: Assessments & Testing
https://testlify.com/assestant-alternatives/,assestant-alternatives,PAGE: Competitor Alternatives & Comparisons
https://testlify.com/attrition-rate-calculator/,attrition-rate-calculator,PAGE: Employee Experience & Development
https://testlify.com/audio-questions/,audio-questions,PAGE: Unclustered / Other
https://testlify.com/average-time-to-hire-calculator/,average-time-to-hire-calculator,PAGE: Recruiting & Talent Acquisition
https://testlify.com/benchmark-alternatives/,benchmark-alternatives,PAGE: Competitor Alternatives & Comparisons
https://testlify.com/best-cappfinity-alternative/,best-cappfinity-alternative,PAGE: Competitor Alternatives & Comparisons
https://testlify.com/best-credohire-alternative/,best-credohire-alternative,PAGE: Competitor Alternatives & Comparisons
https://testlify.com/best-mercer-talent-enterprise-alternative/,best-mercer-talent-enterprise-alternative,PAGE: Competitor Alternatives & Comparisons
https://testlify.com/best-skillsarena-alternative/,best-skillsarena-alternative,PAGE: Competitor Alternatives & Comparisons
https://testlify.com/blockchain-industry/,blockchain-industry,PAGE: Unclustered / Other
https://testlify.com/blog/,blog,PAGE: Unclustered / Other
https://testlify.com/blogg/,blogg,PAGE: Unclustered / Other
https://testlify.com/blogue/,blogue,PAGE: Unclustered / Other
https://testlify.com/blue-collar-hiring/,blue-collar-hiring,PAGE: Recruiting & Talent Acquisition
https://testlify.com/book-a-demo/,book-a-demo,PAGE: Unclustered / Other
https://testlify.com/bpo-industry/,bpo-industry,PAGE: Unclustered / Other
https://testlify.com/brand/,brand,PAGE: Unclustered / Other
https://testlify.com/brillium-alternatives/,brillium-alternatives,PAGE: Competitor Alternatives & Comparisons
https://testlify.com/bryq-alternatives/,bryq-alternatives,PAGE: Competitor Alternatives & Comparisons
https://testlify.com/caliper-essentials-alternatives/,caliper-essentials-alternatives,PAGE: Competitor Alternatives & Comparisons
https://testlify.com/calliduscloud-alternatives/,calliduscloud-alternatives,PAGE: Competitor Alternatives & Comparisons
https://testlify.com/campus-hiring/,campus-hiring,PAGE: Recruiting & Talent Acquisition
https://testlify.com/candidate-honesty-policy-and-agreement/,candidate-honesty-policy-and-agreement,PAGE: HR Operations & Compliance
https://testlify.com/candidate-journey/,candidate-journey,PAGE: Unclustered / Other
https://testlify.com/candidate-reviews/,candidate-reviews,PAGE: Unclustered / Other
https://testlify.com/candidate-satisfaction-3/,candidate-satisfaction-3,PAGE: Employee Experience & Development
https://testlify.com/care-advantage-alternatives/,care-advantage-alternatives,PAGE: Competitor Alternatives & Comparisons
https://testlify.com/careers/,careers,PAGE: Unclustered / Other
https://testlify.com/case-study-arch-advisory-group/,case-study-arch-advisory-group,PAGE: Unclustered / Other
https://testlify.com/case-study/,case-study,PAGE: Unclustered / Other
https://testlify.com/ccpa/,ccpa,PAGE: Unclustered / Other
https://testlify.com/cefr-test/,cefr-test,PAGE: Assessments & Testing
https://testlify.com/chat-ai-interviews/,chat-ai-interviews,PAGE: Recruiting & Talent Acquisition
https://testlify.com/clients/,clients,PAGE: Unclustered / Other
https://testlify.com/coding-tests/,coding-tests,PAGE: Assessments & Testing
https://testlify.com/cognitive-ability-tests/,cognitive-ability-tests,PAGE: Assessments & Testing
https://testlify.com/comedie/,comedie,PAGE: Unclustered / Other
https://testlify.com/comeet-begriffsklarung/,comeet-begriffsklarung,PAGE: Unclustered / Other
https://testlify.com/comeet/,comeet,PAGE: Unclustered / Other
https://testlify.com/compa-ratio-calculator/,compa-ratio-calculator,PAGE: Unclustered / Other
https://testlify.com/comparar-planes/,comparar-planes,PAGE: Unclustered / Other
https://testlify.com/compare-planos/,compare-planos,PAGE: Unclustered / Other
https://testlify.com/compare-plans/,compare-plans,PAGE: Unclustered / Other
https://testlify.com/comparer-les-plans/,comparer-les-plans,PAGE: Unclustered / Other
https://testlify.com/contact/,contact,PAGE: Unclustered / Other
https://testlify.com/cookie-policy/,cookie-policy,PAGE: HR Operations & Compliance
https://testlify.com/cost-of-employee-turnover-calculator/,cost-of-employee-turnover-calculator,PAGE: Employee Experience & Development
https://testlify.com/cost-per-hire-calculator/,cost-per-hire-calculator,PAGE: Recruiting & Talent Acquisition
https://testlify.com/crystal-alternatives/,crystal-alternatives,PAGE: Competitor Alternatives & Comparisons
https://testlify.com/data-privacy-framework/,data-privacy-framework,PAGE: Unclustered / Other
https://testlify.com/data-processing-agreement/,data-processing-agreement,PAGE: Unclustered / Other
https://testlify.com/data-residency-and-security-practices-in-ksa/,data-residency-and-security-practices-in-ksa,PAGE: Unclustered / Other
https://testlify.com/data-residency/,data-residency,PAGE: Unclustered / Other
https://testlify.com/date-questions/,date-questions,PAGE: Unclustered / Other
https://testlify.com/decrease-in-time-to-hire-3/,decrease-in-time-to-hire-3,PAGE: Recruiting & Talent Acquisition
https://testlify.com/demo/,demo,PAGE: Unclustered / Other
https://testlify.com/designed-for-high-completion-rate/,designed-for-high-completion-rate,PAGE: Unclustered / Other
https://testlify.com/developer-hiring/,developer-hiring,PAGE: Recruiting & Talent Acquisition
https://testlify.com/discover-assessments-alternatives/,discover-assessments-alternatives,PAGE: Assessments & Testing
https://testlify.com/discover-the-power-of-rapid-team-scaling/,discover-the-power-of-rapid-team-scaling,PAGE: Assessments & Testing
https://testlify.com/diversity-and-inclusions/,diversity-and-inclusions,"PAGE: Workplace, Culture & Future of Work"
https://testlify.com/diversity-inclusion/,diversity-inclusion,"PAGE: Workplace, Culture & Future of Work"
https://testlify.com/domande-per-le-interviste-video/,domande-per-le-interviste-video,PAGE: Unclustered / Other
https://testlify.com/download-smart-personality-assessment-report/,download-smart-personality-assessment-report,PAGE: Assessments & Testing
https://testlify.com/drawmetrics-alternatives/,drawmetrics-alternatives,PAGE: Competitor Alternatives & Comparisons
https://testlify.com/dropdown-questions/,dropdown-questions,PAGE: Unclustered / Other
https://testlify.com/ducknowl-alternatives/,ducknowl-alternatives,PAGE: Competitor Alternatives & Comparisons
https://testlify.com/easy-alternatives/,easy-alternatives,PAGE: Competitor Alternatives & Comparisons
https://testlify.com/edtech-industry/,edtech-industry,PAGE: Unclustered / Other
https://testlify.com/effortless-candidate-assessment-with-google-workspace/,effortless-candidate-assessment-with-google-workspace,PAGE: Assessments & Testing
https://testlify.com/eggup-alternatives/,eggup-alternatives,PAGE: Competitor Alternatives & Comparisons
https://testlify.com/elevate-your-talent-assessment-with-technical-tests/,elevate-your-talent-assessment-with-technical-tests,PAGE: Assessments & Testing
https://testlify.com/emmersion-alternatives/,emmersion-alternatives,PAGE: Competitor Alternatives & Comparisons
https://testlify.com/employee-tenure-calculator/,employee-tenure-calculator,PAGE: Employee Experience & Development
https://testlify.com/employtest-alternatives/,employtest-alternatives,PAGE: Competitor Alternatives & Comparisons
https://testlify.com/energy-industry/,energy-industry,PAGE: Unclustered / Other
https://testlify.com/engineering-skills/,engineering-skills,PAGE: Unclustered / Other
https://testlify.com/ensize-alternatives/,ensize-alternatives,PAGE: Competitor Alternatives & Comparisons
https://testlify.com/enterprise/,enterprise,PAGE: Unclustered / Other
https://testlify.com/equalture-alternatives/,equalture-alternatives,PAGE: Competitor Alternatives & Comparisons
https://testlify.com/ethical-exam-behavior-and-consequences-for-unethical-behavior/,ethical-exam-behavior-and-consequences-for-unethical-behavior,PAGE: Unclustered / Other
https://testlify.com/eva-ai-alternatives/,eva-ai-alternatives,PAGE: Competitor Alternatives & Comparisons
https://testlify.com/evalart-alternatives/,evalart-alternatives,PAGE: Competitor Alternatives & Comparisons
https://testlify.com/everifile-alternatives/,everifile-alternatives,PAGE: Competitor Alternatives & Comparisons
https://testlify.com/examinlab-alternatives/,examinlab-alternatives,PAGE: Competitor Alternatives & Comparisons
https://testlify.com/expertrating-alternatives/,expertrating-alternatives,PAGE: Competitor Alternatives & Comparisons
https://testlify.com/fair-refund-policy/,fair-refund-policy,PAGE: HR Operations & Compliance
https://testlify.com/fair-usage-policy/,fair-usage-policy,PAGE: HR Operations & Compliance
https://testlify.com/features/,features,PAGE: Unclustered / Other
https://testlify.com/file-upload-questions/,file-upload-questions,PAGE: Unclustered / Other
https://testlify.com/fill-in-the-blank/,fill-in-the-blank,PAGE: Unclustered / Other
https://testlify.com/filosofi/,filosofi,PAGE: Unclustered / Other
https://testlify.com/filosofia/,filosofia,PAGE: Unclustered / Other
https://testlify.com/filosofie/,filosofie,PAGE: Unclustered / Other
https://testlify.com/filozofia/,filozofia,PAGE: Unclustered / Other
https://testlify.com/financial-industry/,financial-industry,PAGE: Unclustered / Other
https://testlify.com/finansiell-industri/,finansiell-industri,PAGE: Unclustered / Other
https://testlify.com/for-startups/,for-startups,PAGE: Unclustered / Other
https://testlify.com/fragor-for-videointervjuer/,fragor-for-videointervjuer,PAGE: Unclustered / Other
https://testlify.com/free-employee-net-promoter-score-enps-calculator/,free-employee-net-promoter-score-enps-calculator,PAGE: Employee Experience & Development
https://testlify.com/freelance-hiring/,freelance-hiring,PAGE: Recruiting & Talent Acquisition
https://testlify.com/furstperson-alternatives/,furstperson-alternatives,PAGE: Competitor Alternatives & Comparisons
https://testlify.com/gastgewerbe/,gastgewerbe,PAGE: Unclustered / Other
https://testlify.com/gdpr-compliance/,gdpr-compliance,PAGE: HR Operations & Compliance
https://testlify.com/getting-your-smart-personality-assessment-report/,getting-your-smart-personality-assessment-report,PAGE: Assessments & Testing
https://testlify.com/google-doc-questions/,google-doc-questions,PAGE: Unclustered / Other
https://testlify.com/google-sheet-questions/,google-sheet-questions,PAGE: Unclustered / Other
https://testlify.com/google-slides-questions/,google-slides-questions,PAGE: Unclustered / Other
https://testlify.com/health-care-industry/,health-care-industry,PAGE: Unclustered / Other
https://testlify.com/highmatch-alternatives/,highmatch-alternatives,PAGE: Competitor Alternatives & Comparisons
https://testlify.com/hipeople-alternatives/,hipeople-alternatives,PAGE: Competitor Alternatives & Comparisons
https://testlify.com/hire-global-talent-with-assessments-in-dutch/,hire-global-talent-with-assessments-in-dutch,PAGE: Hiring by Role
https://testlify.com/hirequotient-alternatives/,hirequotient-alternatives,PAGE: Competitor Alternatives & Comparisons
https://testlify.com/hiresharp-alternatives/,hiresharp-alternatives,PAGE: Competitor Alternatives & Comparisons
https://testlify.com/hiring-guides/,hiring-guides,PAGE: Recruiting & Talent Acquisition
https://testlify.com/hiring-guides/account-executive-hiring-guide/,hiring-guides/account-executive-hiring-guide,Hiring Guides (page hub)
https://testlify.com/hiring-guides/account-manager-hiring-guide/,hiring-guides/account-manager-hiring-guide,Hiring Guides (page hub)
https://testlify.com/hiring-guides/administrative-assistant-hiring-guide/,hiring-guides/administrative-assistant-hiring-guide,Hiring Guides (page hub)
https://testlify.com/hiring-guides/aws-solutions-architect-hiring-guide/,hiring-guides/aws-solutions-architect-hiring-guide,Hiring Guides (page hub)
https://testlify.com/hiring-guides/back-end-developer-hiring-guide/,hiring-guides/back-end-developer-hiring-guide,Hiring Guides (page hub)
https://testlify.com/hiring-guides/back-end-engineer-hiring-guide/,hiring-guides/back-end-engineer-hiring-guide,Hiring Guides (page hub)
https://testlify.com/hiring-guides/big-data-engineer-hiring-guide/,hiring-guides/big-data-engineer-hiring-guide,Hiring Guides (page hub)
https://testlify.com/hiring-guides/blockchain-developer-hiring-guide/,hiring-guides/blockchain-developer-hiring-guide,Hiring Guides (page hub)
https://testlify.com/hiring-guides/bookkeeper-hiring-guide/,hiring-guides/bookkeeper-hiring-guide,Hiring Guides (page hub)
https://testlify.com/hiring-guides/brand-ambassador-hiring-guide/,hiring-guides/brand-ambassador-hiring-guide,Hiring Guides (page hub)
https://testlify.com/hiring-guides/business-consultant-hiring-guide/,hiring-guides/business-consultant-hiring-guide,Hiring Guides (page hub)
https://testlify.com/hiring-guides/business-development-manager-guide/,hiring-guides/business-development-manager-guide,Hiring Guides (page hub)
https://testlify.com/hiring-guides/business-intelligence-analyst-hiring/,hiring-guides/business-intelligence-analyst-hiring,Hiring Guides (page hub)
https://testlify.com/hiring-guides/cloud-engineer-hiring-guide/,hiring-guides/cloud-engineer-hiring-guide,Hiring Guides (page hub)
https://testlify.com/hiring-guides/content-management-system-developer/,hiring-guides/content-management-system-developer,Hiring Guides (page hub)
https://testlify.com/hiring-guides/copywriter-hiring-guide/,hiring-guides/copywriter-hiring-guide,Hiring Guides (page hub)
https://testlify.com/hiring-guides/creative-director-hiring-guide/,hiring-guides/creative-director-hiring-guide,Hiring Guides (page hub)
https://testlify.com/hiring-guides/customer-service-representative-hiring-guide/,hiring-guides/customer-service-representative-hiring-guide,Hiring Guides (page hub)
https://testlify.com/hiring-guides/cybersecurity-analyst-hiring-guide/,hiring-guides/cybersecurity-analyst-hiring-guide,Hiring Guides (page hub)
https://testlify.com/hiring-guides/data-analyst-hiring-guide/,hiring-guides/data-analyst-hiring-guide,Hiring Guides (page hub)
https://testlify.com/hiring-guides/data-engineer-hiring-guide/,hiring-guides/data-engineer-hiring-guide,Hiring Guides (page hub)
https://testlify.com/hiring-guides/data-entry-clerk-hiring-guide/,hiring-guides/data-entry-clerk-hiring-guide,Hiring Guides (page hub)
https://testlify.com/hiring-guides/data-scientist-hiring-guide/,hiring-guides/data-scientist-hiring-guide,Hiring Guides (page hub)
https://testlify.com/hiring-guides/database-administrator-hiring-guide/,hiring-guides/database-administrator-hiring-guide,Hiring Guides (page hub)
https://testlify.com/hiring-guides/devops-engineer-hiring-guide/,hiring-guides/devops-engineer-hiring-guide,Hiring Guides (page hub)
https://testlify.com/hiring-guides/digital-marketing-manager-hiring-guide/,hiring-guides/digital-marketing-manager-hiring-guide,Hiring Guides (page hub)
https://testlify.com/hiring-guides/django-developer-hiring-guide/,hiring-guides/django-developer-hiring-guide,Hiring Guides (page hub)
https://testlify.com/hiring-guides/ecommerce-developer-hiring-guide/,hiring-guides/ecommerce-developer-hiring-guide,Hiring Guides (page hub)
https://testlify.com/hiring-guides/event-coordinator-hiring-guide/,hiring-guides/event-coordinator-hiring-guide,Hiring Guides (page hub)
https://testlify.com/hiring-guides/event-planner-hiring-guide/,hiring-guides/event-planner-hiring-guide,Hiring Guides (page hub)
https://testlify.com/hiring-guides/executive-assistant-hiring-guide/,hiring-guides/executive-assistant-hiring-guide,Hiring Guides (page hub)
https://testlify.com/hiring-guides/financial-advisor-hiring-guide/,hiring-guides/financial-advisor-hiring-guide,Hiring Guides (page hub)
https://testlify.com/hiring-guides/financial-analyst-hiring-guide/,hiring-guides/financial-analyst-hiring-guide,Hiring Guides (page hub)
https://testlify.com/hiring-guides/financial-planner-hiring-guide/,hiring-guides/financial-planner-hiring-guide,Hiring Guides (page hub)
https://testlify.com/hiring-guides/freight-forwarder-hiring-guide/,hiring-guides/freight-forwarder-hiring-guide,Hiring Guides (page hub)
https://testlify.com/hiring-guides/front-end-engineer-hiring-guide/,hiring-guides/front-end-engineer-hiring-guide,Hiring Guides (page hub)
https://testlify.com/hiring-guides/full-stack-developer-hiring-guide/,hiring-guides/full-stack-developer-hiring-guide,Hiring Guides (page hub)
https://testlify.com/hiring-guides/graphic-designer-hiring-guide/,hiring-guides/graphic-designer-hiring-guide,Hiring Guides (page hub)
https://testlify.com/hiring-guides/incident-responder-hiring-guide/,hiring-guides/incident-responder-hiring-guide,Hiring Guides (page hub)
https://testlify.com/hiring-guides/it-support-specialist-hiring-guide/,hiring-guides/it-support-specialist-hiring-guide,Hiring Guides (page hub)
https://testlify.com/hiring-guides/java-developer-hiring-guide/,hiring-guides/java-developer-hiring-guide,Hiring Guides (page hub)
https://testlify.com/hiring-guides/legal-assistant-hiring-guide/,hiring-guides/legal-assistant-hiring-guide,Hiring Guides (page hub)
https://testlify.com/hiring-guides/loan-officer-hiring-guide/,hiring-guides/loan-officer-hiring-guide,Hiring Guides (page hub)
https://testlify.com/hiring-guides/machine-learning-engineer-hiring-guide/,hiring-guides/machine-learning-engineer-hiring-guide,Hiring Guides (page hub)
https://testlify.com/hiring-guides/maintenance-technician-hiring-guide/,hiring-guides/maintenance-technician-hiring-guide,Hiring Guides (page hub)
https://testlify.com/hiring-guides/market-research-analyst-hiring-guide/,hiring-guides/market-research-analyst-hiring-guide,Hiring Guides (page hub)
https://testlify.com/hiring-guides/marketing-manager-hiring-guide/,hiring-guides/marketing-manager-hiring-guide,Hiring Guides (page hub)
https://testlify.com/hiring-guides/medical-coder-hiring-guide/,hiring-guides/medical-coder-hiring-guide,Hiring Guides (page hub)
https://testlify.com/hiring-guides/medical-transcriptionist-hiring-guide/,hiring-guides/medical-transcriptionist-hiring-guide,Hiring Guides (page hub)
https://testlify.com/hiring-guides/mobile-developer-hiring-guide/,hiring-guides/mobile-developer-hiring-guide,Hiring Guides (page hub)
https://testlify.com/hiring-guides/natural-language-processing-engineer-hiring-guide/,hiring-guides/natural-language-processing-engineer-hiring-guide,Hiring Guides (page hub)
https://testlify.com/hiring-guides/network-administrator-hiring-guide/,hiring-guides/network-administrator-hiring-guide,Hiring Guides (page hub)
https://testlify.com/hiring-guides/network-security-engineer-hiring-guide/,hiring-guides/network-security-engineer-hiring-guide,Hiring Guides (page hub)
https://testlify.com/hiring-guides/node-js-hiring-guide/,hiring-guides/node-js-hiring-guide,Hiring Guides (page hub)
https://testlify.com/hiring-guides/office-administrator-hiring-guide/,hiring-guides/office-administrator-hiring-guide,Hiring Guides (page hub)
https://testlify.com/hiring-guides/office-assistant-hiring-guide/,hiring-guides/office-assistant-hiring-guide,Hiring Guides (page hub)
https://testlify.com/hiring-guides/office-manager-hiring-guide/,hiring-guides/office-manager-hiring-guide,Hiring Guides (page hub)
https://testlify.com/hiring-guides/operations-manager-hiring-guide/,hiring-guides/operations-manager-hiring-guide,Hiring Guides (page hub)
https://testlify.com/hiring-guides/penetration-tester-hiring-guide/,hiring-guides/penetration-tester-hiring-guide,Hiring Guides (page hub)
https://testlify.com/hiring-guides/personal-assistant-hiring-guide/,hiring-guides/personal-assistant-hiring-guide,Hiring Guides (page hub)
https://testlify.com/hiring-guides/pharmacy-technician-hiring-guide/,hiring-guides/pharmacy-technician-hiring-guide,Hiring Guides (page hub)
https://testlify.com/hiring-guides/php-developer-hiring-guide/,hiring-guides/php-developer-hiring-guide,Hiring Guides (page hub)
https://testlify.com/hiring-guides/product-manager-hiring-guide/,hiring-guides/product-manager-hiring-guide,Hiring Guides (page hub)
https://testlify.com/hiring-guides/project-coordinator-hiring-guide/,hiring-guides/project-coordinator-hiring-guide,Hiring Guides (page hub)
https://testlify.com/hiring-guides/python-developer-hiring-guide/,hiring-guides/python-developer-hiring-guide,Hiring Guides (page hub)
https://testlify.com/hiring-guides/qa-engineer-hiring-guide/,hiring-guides/qa-engineer-hiring-guide,Hiring Guides (page hub)
https://testlify.com/hiring-guides/react-developer-hiring-guide/,hiring-guides/react-developer-hiring-guide,Hiring Guides (page hub)
https://testlify.com/hiring-guides/react-native-developer-hiring-guide/,hiring-guides/react-native-developer-hiring-guide,Hiring Guides (page hub)
https://testlify.com/hiring-guides/receptionist-hiring-guide/,hiring-guides/receptionist-hiring-guide,Hiring Guides (page hub)
https://testlify.com/hiring-guides/sales-representative-hiring-guide/,hiring-guides/sales-representative-hiring-guide,Hiring Guides (page hub)
https://testlify.com/hiring-guides/security-architect-hiring-guide/,hiring-guides/security-architect-hiring-guide,Hiring Guides (page hub)
https://testlify.com/hiring-guides/security-engineer-hiring-guide/,hiring-guides/security-engineer-hiring-guide,Hiring Guides (page hub)
https://testlify.com/hiring-guides/security-officer-hiring-guide/,hiring-guides/security-officer-hiring-guide,Hiring Guides (page hub)
https://testlify.com/hiring-guides/seo-specialist-hiring-guide/,hiring-guides/seo-specialist-hiring-guide,Hiring Guides (page hub)
https://testlify.com/hiring-guides/social-media-manager-hiring-guide/,hiring-guides/social-media-manager-hiring-guide,Hiring Guides (page hub)
https://testlify.com/hiring-guides/sql-developer-hiring-guide/,hiring-guides/sql-developer-hiring-guide,Hiring Guides (page hub)
https://testlify.com/hiring-guides/system-administrator-hiring-guide/,hiring-guides/system-administrator-hiring-guide,Hiring Guides (page hub)
https://testlify.com/hiring-guides/talent-acquisition-specialist-hiring/,hiring-guides/talent-acquisition-specialist-hiring,Hiring Guides (page hub)
https://testlify.com/hiring-guides/tax-preparer-hiring-guide/,hiring-guides/tax-preparer-hiring-guide,Hiring Guides (page hub)
https://testlify.com/hiring-guides/technical-writer-hiring-guide/,hiring-guides/technical-writer-hiring-guide,Hiring Guides (page hub)
https://testlify.com/hiring-guides/translator-hiring-guide/,hiring-guides/translator-hiring-guide,Hiring Guides (page hub)
https://testlify.com/hiring-guides/typescript-developer-hiring-guide/,hiring-guides/typescript-developer-hiring-guide,Hiring Guides (page hub)
https://testlify.com/hiring-guides/user-experience-designer-hiring-guide/,hiring-guides/user-experience-designer-hiring-guide,Hiring Guides (page hub)
https://testlify.com/hiring-guides/user-interface-designer-hiring-guide/,hiring-guides/user-interface-designer-hiring-guide,Hiring Guides (page hub)
https://testlify.com/hiring-guides/virtual-assistant-hiring-guide/,hiring-guides/virtual-assistant-hiring-guide,Hiring Guides (page hub)
https://testlify.com/hiring-guides/web-developer-hiring-guide/,hiring-guides/web-developer-hiring-guide,Hiring Guides (page hub)
https://testlify.com/hiring-guides/wireless-network-engineer-hiring-guide/,hiring-guides/wireless-network-engineer-hiring-guide,Hiring Guides (page hub)
https://testlify.com/hiring-manager-satisfaction-calculator/,hiring-manager-satisfaction-calculator,PAGE: Employee Experience & Development
https://testlify.com/hiringbranch-alternatives/,hiringbranch-alternatives,PAGE: Competitor Alternatives & Comparisons
https://testlify.com/hjem/,hjem,PAGE: Unclustered / Other
https://testlify.com/hogan-alternatives/,hogan-alternatives,PAGE: Competitor Alternatives & Comparisons
https://testlify.com/hospitality-industry/,hospitality-industry,PAGE: Unclustered / Other
https://testlify.com/how-testlify-works/,how-testlify-works,PAGE: Unclustered / Other
https://testlify.com/how-we-are-different/,how-we-are-different,PAGE: Unclustered / Other
https://testlify.com/hr-guide/,hr-guide,PAGE: HR Operations & Compliance
https://testlify.com/hr-guide/chapter-01-introduction-and-overview/,hr-guide/chapter-01-introduction-and-overview,PAGE: HR Operations & Compliance
https://testlify.com/hr-guide/chapter-02-culture/,hr-guide/chapter-02-culture,PAGE: HR Operations & Compliance
https://testlify.com/hr-guide/chapter-03-talent-acquisition/,hr-guide/chapter-03-talent-acquisition,PAGE: Recruiting & Talent Acquisition
https://testlify.com/hr-guide/chapter-04-onboarding-and-offboarding/,hr-guide/chapter-04-onboarding-and-offboarding,PAGE: HR Operations & Compliance
https://testlify.com/hr-guide/chapter-05-performance-management/,hr-guide/chapter-05-performance-management,PAGE: HR Operations & Compliance
https://testlify.com/hr-guide/chapter-06-compensation-and-benefits/,hr-guide/chapter-06-compensation-and-benefits,PAGE: HR Operations & Compliance
https://testlify.com/hr-guide/chapter-07-time-tracking/,hr-guide/chapter-07-time-tracking,PAGE: HR Operations & Compliance
https://testlify.com/hr-guide/chapter-08-payroll/,hr-guide/chapter-08-payroll,PAGE: HR Operations & Compliance
https://testlify.com/hr-guide/chapter-09-reporting-and-analytics/,hr-guide/chapter-09-reporting-and-analytics,PAGE: HR Operations & Compliance
https://testlify.com/hr-guide/chapter-10-conflict-resolution/,hr-guide/chapter-10-conflict-resolution,PAGE: HR Operations & Compliance
https://testlify.com/hr-guide/chapter-11-hr-compliance/,hr-guide/chapter-11-hr-compliance,PAGE: HR Operations & Compliance
https://testlify.com/hr-guide/chapter-12-hr-software/,hr-guide/chapter-12-hr-software,PAGE: HR Operations & Compliance
https://testlify.com/hr-tools/,hr-tools,PAGE: HR Operations & Compliance
https://testlify.com/hr-tools/applicant-tracking-systems/,hr-tools/applicant-tracking-systems,PAGE: Recruiting & Talent Acquisition
https://testlify.com/hr-tools/benefits-administration/,hr-tools/benefits-administration,PAGE: HR Operations & Compliance
https://testlify.com/hr-tools/compensation-management/,hr-tools/compensation-management,PAGE: HR Operations & Compliance
https://testlify.com/hr-tools/core-hr/,hr-tools/core-hr,PAGE: HR Operations & Compliance
https://testlify.com/hr-tools/corporate-learning-management-systems/,hr-tools/corporate-learning-management-systems,PAGE: HR Operations & Compliance
https://testlify.com/hr-tools/course-authoring/,hr-tools/course-authoring,PAGE: HR Operations & Compliance
https://testlify.com/hr-tools/employee-engagement/,hr-tools/employee-engagement,PAGE: HR Operations & Compliance
https://testlify.com/hr-tools/employee-monitoring/,hr-tools/employee-monitoring,PAGE: HR Operations & Compliance
https://testlify.com/hr-tools/employee-recognition/,hr-tools/employee-recognition,PAGE: HR Operations & Compliance
https://testlify.com/hr-tools/human-resource-management-system/,hr-tools/human-resource-management-system,PAGE: Recruiting & Talent Acquisition
https://testlify.com/hr-tools/job-search-sites/,hr-tools/job-search-sites,PAGE: HR Operations & Compliance
https://testlify.com/hr-tools/learning-experience-platforms/,hr-tools/learning-experience-platforms,PAGE: HR Operations & Compliance
https://testlify.com/hr-tools/performance-management/,hr-tools/performance-management,PAGE: HR Operations & Compliance
https://testlify.com/hr-tools/recruitment-marketing/,hr-tools/recruitment-marketing,PAGE: Recruiting & Talent Acquisition
https://testlify.com/hr-tools/staffing/,hr-tools/staffing,PAGE: HR Operations & Compliance
https://testlify.com/hr-tools/time-tracking/,hr-tools/time-tracking,PAGE: HR Operations & Compliance
https://testlify.com/hr-tools/workforce-management/,hr-tools/workforce-management,PAGE: HR Operations & Compliance
https://testlify.com/hravatar-alternatives/,hravatar-alternatives,PAGE: Competitor Alternatives & Comparisons
https://testlify.com/humantelligence-alternatives/,humantelligence-alternatives,PAGE: Competitor Alternatives & Comparisons
https://testlify.com/indeed-alternatives/,indeed-alternatives,PAGE: Competitor Alternatives & Comparisons
https://testlify.com/industria-edtech/,industria-edtech,PAGE: Unclustered / Other
https://testlify.com/industry-specific-skills-assessments/,industry-specific-skills-assessments,PAGE: Skills Tests & Evaluation (by skill)
https://testlify.com/information-security/,information-security,PAGE: Unclustered / Other
https://testlify.com/integration-program/,integration-program,PAGE: Unclustered / Other
https://testlify.com/internal-mobility/,internal-mobility,PAGE: HR Operations & Compliance
https://testlify.com/interview-as-a-service/,interview-as-a-service,PAGE: Recruiting & Talent Acquisition
https://testlify.com/interview-to-offer-ratio-calculator/,interview-to-offer-ratio-calculator,PAGE: Recruiting & Talent Acquisition
https://testlify.com/interviewer-ai-alternatives/,interviewer-ai-alternatives,PAGE: Competitor Alternatives & Comparisons
https://testlify.com/interviews/,interviews,PAGE: Recruiting & Talent Acquisition
https://testlify.com/investors/,investors,PAGE: Unclustered / Other
https://testlify.com/it-industry/,it-industry,PAGE: Unclustered / Other
https://testlify.com/jamfor-planer/,jamfor-planer,PAGE: Unclustered / Other
https://testlify.com/job-description-generator/,job-description-generator,PAGE: Career & Role Guides
https://testlify.com/job-description-templates/,job-description-templates,PAGE: Career & Role Guides
https://testlify.com/job-offer-acceptance-rate-calculator/,job-offer-acceptance-rate-calculator,PAGE: Recruiting & Talent Acquisition
https://testlify.com/job-openings/,job-openings,PAGE: Unclustered / Other
https://testlify.com/journeyfront-alternatives/,journeyfront-alternatives,PAGE: Competitor Alternatives & Comparisons
https://testlify.com/kolbe-alternatives/,kolbe-alternatives,PAGE: Competitor Alternatives & Comparisons
https://testlify.com/language-tests/,language-tests,PAGE: Assessments & Testing
https://testlify.com/lateral-hiring/,lateral-hiring,PAGE: Recruiting & Talent Acquisition
https://testlify.com/letsremotify-alternatives/,letsremotify-alternatives,PAGE: Competitor Alternatives & Comparisons
https://testlify.com/lever/,lever,PAGE: Unclustered / Other
https://testlify.com/logistics-supply-chain-industry/,logistics-supply-chain-industry,PAGE: Unclustered / Other
https://testlify.com/logistiek-supply-chain-industrie/,logistiek-supply-chain-industrie,PAGE: Unclustered / Other
https://testlify.com/logistique-et-chaine-dapprovisionnement/,logistique-et-chaine-dapprovisionnement,PAGE: Unclustered / Other
https://testlify.com/mangfoldighed-inklusion/,mangfoldighed-inklusion,PAGE: Unclustered / Other
https://testlify.com/mcquaig-alternatives/,mcquaig-alternatives,PAGE: Competitor Alternatives & Comparisons
https://testlify.com/media-industry/,media-industry,PAGE: Unclustered / Other
https://testlify.com/metahire-alternatives/,metahire-alternatives,PAGE: Competitor Alternatives & Comparisons
https://testlify.com/modern-hire-alternatives/,modern-hire-alternatives,PAGE: Competitor Alternatives & Comparisons
https://testlify.com/multilingual-abilities/,multilingual-abilities,PAGE: Unclustered / Other
https://testlify.com/multiple-question-types/,multiple-question-types,PAGE: Unclustered / Other
https://testlify.com/multiple-select-questions/,multiple-select-questions,PAGE: Unclustered / Other
https://testlify.com/new-york-city-bias-audit/,new-york-city-bias-audit,"PAGE: Workplace, Culture & Future of Work"
https://testlify.com/non-profits/,non-profits,PAGE: Unclustered / Other
https://testlify.com/nos-partenaires/,nos-partenaires,PAGE: Unclustered / Other
https://testlify.com/number-questions/,number-questions,PAGE: Unclustered / Other
https://testlify.com/onze-partners/,onze-partners,PAGE: Unclustered / Other
https://testlify.com/open-ended-questions/,open-ended-questions,PAGE: Unclustered / Other
https://testlify.com/opt-out-preferences/,opt-out-preferences,PAGE: Unclustered / Other
https://testlify.com/otomeyt-alternatives/,otomeyt-alternatives,PAGE: Competitor Alternatives & Comparisons
https://testlify.com/our-leadership/,our-leadership,PAGE: Recruiting & Talent Acquisition
https://testlify.com/our-leadership/abhishek-shah/,our-leadership/abhishek-shah,PAGE: Recruiting & Talent Acquisition
https://testlify.com/our-leadership/akash-patange/,our-leadership/akash-patange,PAGE: Recruiting & Talent Acquisition
https://testlify.com/our-leadership/anuraag-raman/,our-leadership/anuraag-raman,PAGE: Recruiting & Talent Acquisition
https://testlify.com/our-leadership/arushi-shah/,our-leadership/arushi-shah,PAGE: Recruiting & Talent Acquisition
https://testlify.com/our-leadership/jiten-modi-2/,our-leadership/jiten-modi-2,PAGE: Recruiting & Talent Acquisition
https://testlify.com/our-leadership/namrata-kamdar/,our-leadership/namrata-kamdar,PAGE: Recruiting & Talent Acquisition
https://testlify.com/our-leadership/pradeep-panicker/,our-leadership/pradeep-panicker,PAGE: Recruiting & Talent Acquisition
https://testlify.com/our-leadership/ritu-doshi/,our-leadership/ritu-doshi,PAGE: Recruiting & Talent Acquisition
https://testlify.com/our-leadership/sankalp-menon/,our-leadership/sankalp-menon,PAGE: Recruiting & Talent Acquisition
https://testlify.com/our-leadership/taylor-gendron-2/,our-leadership/taylor-gendron-2,PAGE: Recruiting & Talent Acquisition
https://testlify.com/our-leadership/tej-gala/,our-leadership/tej-gala,PAGE: Recruiting & Talent Acquisition
https://testlify.com/our-leadership/usha-seshan/,our-leadership/usha-seshan,PAGE: Recruiting & Talent Acquisition
https://testlify.com/paradox-alternatives/,paradox-alternatives,PAGE: Competitor Alternatives & Comparisons
https://testlify.com/partnership/,partnership,PAGE: Unclustered / Other
https://testlify.com/perguntas-da-entrevista-em-video/,perguntas-da-entrevista-em-video,PAGE: Unclustered / Other
https://testlify.com/philosophie/,philosophie,PAGE: Unclustered / Other
https://testlify.com/plaene-vergleichen/,plaene-vergleichen,PAGE: Unclustered / Other
https://testlify.com/plannen-vergelijken/,plannen-vergelijken,PAGE: Unclustered / Other
https://testlify.com/playroll/,playroll,PAGE: Unclustered / Other
https://testlify.com/plum-alternatives/,plum-alternatives,PAGE: Competitor Alternatives & Comparisons
https://testlify.com/porownaj-plany/,porownaj-plany,PAGE: Unclustered / Other
https://testlify.com/pour-les-entreprises-du-monde-entier/,pour-les-entreprises-du-monde-entier,PAGE: Unclustered / Other
https://testlify.com/press-room/,press-room,PAGE: Unclustered / Other
https://testlify.com/prevue-alternatives/,prevue-alternatives,PAGE: Competitor Alternatives & Comparisons
https://testlify.com/pricing/,pricing,PAGE: Unclustered / Other
https://testlify.com/priority-bridge-alternatives/,priority-bridge-alternatives,PAGE: Competitor Alternatives & Comparisons
https://testlify.com/privacy-policy/,privacy-policy,PAGE: HR Operations & Compliance
https://testlify.com/problemas/,problemas,PAGE: Unclustered / Other
https://testlify.com/problematica/,problematica,PAGE: Unclustered / Other
https://testlify.com/probleme/,probleme,PAGE: Unclustered / Other
https://testlify.com/problemen/,problemen,PAGE: Unclustered / Other
https://testlify.com/problemer/,problemer,PAGE: Unclustered / Other
https://testlify.com/problemes/,problemes,PAGE: Unclustered / Other
https://testlify.com/problemy/,problemy,PAGE: Unclustered / Other
https://testlify.com/process-knowledge-tests/,process-knowledge-tests,PAGE: Assessments & Testing
https://testlify.com/product-tour/,product-tour,PAGE: Unclustered / Other
https://testlify.com/productrondleiding/,productrondleiding,PAGE: Unclustered / Other
https://testlify.com/produkt-rundvisning/,produkt-rundvisning,PAGE: Unclustered / Other
https://testlify.com/produkt-tour/,produkt-tour,PAGE: Unclustered / Other
https://testlify.com/produkt-turne/,produkt-turne,PAGE: Unclustered / Other
https://testlify.com/produkttour/,produkttour,PAGE: Unclustered / Other
https://testlify.com/programming-tests/,programming-tests,PAGE: Assessments & Testing
https://testlify.com/psychometric-tests/,psychometric-tests,PAGE: Assessments & Testing
https://testlify.com/psycruit-alternatives/,psycruit-alternatives,PAGE: Competitor Alternatives & Comparisons
https://testlify.com/psyft-alternatives/,psyft-alternatives,PAGE: Competitor Alternatives & Comparisons
https://testlify.com/public-sector-talent-assessment-solution/,public-sector-talent-assessment-solution,PAGE: Assessments & Testing
https://testlify.com/pulsifi-alternatives/,pulsifi-alternatives,PAGE: Competitor Alternatives & Comparisons
https://testlify.com/pxt-select-alternatives/,pxt-select-alternatives,PAGE: Competitor Alternatives & Comparisons
https://testlify.com/qualifier-questions/,qualifier-questions,PAGE: Unclustered / Other
https://testlify.com/quality-of-hire-calculator/,quality-of-hire-calculator,PAGE: Recruiting & Talent Acquisition
https://testlify.com/questwing-alternatives/,questwing-alternatives,PAGE: Competitor Alternatives & Comparisons
https://testlify.com/ranking-questions/,ranking-questions,PAGE: Unclustered / Other
https://testlify.com/rating-questions/,rating-questions,PAGE: Unclustered / Other
https://testlify.com/real-estate-industry/,real-estate-industry,PAGE: Unclustered / Other
https://testlify.com/realcoderz-alternatives/,realcoderz-alternatives,PAGE: Competitor Alternatives & Comparisons
https://testlify.com/recorrido-por-el-producto/,recorrido-por-el-producto,PAGE: Unclustered / Other
https://testlify.com/recruiter-alternatives/,recruiter-alternatives,PAGE: Competitor Alternatives & Comparisons
https://testlify.com/recruiting-conversion-rate-calculator/,recruiting-conversion-rate-calculator,PAGE: Recruiting & Talent Acquisition
https://testlify.com/recruitment-industry/,recruitment-industry,PAGE: Recruiting & Talent Acquisition
https://testlify.com/recruitment-marketing/,recruitment-marketing,PAGE: Recruiting & Talent Acquisition
https://testlify.com/recruitment-roi-calculator/,recruitment-roi-calculator,PAGE: Recruiting & Talent Acquisition
https://testlify.com/recruitpack-alternatives/,recruitpack-alternatives,PAGE: Competitor Alternatives & Comparisons
https://testlify.com/recrutement-de-freelances/,recrutement-de-freelances,PAGE: Unclustered / Other
https://testlify.com/referral-program/,referral-program,PAGE: Unclustered / Other
https://testlify.com/referral-program/welcome/,referral-program/welcome,PAGE: Unclustered / Other
https://testlify.com/remote-hiring/,remote-hiring,"PAGE: Workplace, Culture & Future of Work"
https://testlify.com/remote-interview-alternatives/,remote-interview-alternatives,PAGE: Competitor Alternatives & Comparisons
https://testlify.com/remote-work-cost-savings-calculator/,remote-work-cost-savings-calculator,"PAGE: Workplace, Culture & Future of Work"
https://testlify.com/reporting-analytics/,reporting-analytics,PAGE: Unclustered / Other
https://testlify.com/reseller-plan/,reseller-plan,PAGE: Unclustered / Other
https://testlify.com/responsible-hiring/,responsible-hiring,PAGE: Recruiting & Talent Acquisition
https://testlify.com/retail-industry/,retail-industry,PAGE: Unclustered / Other
https://testlify.com/reveal-alternatives/,reveal-alternatives,PAGE: Competitor Alternatives & Comparisons
https://testlify.com/role-specific-tests/,role-specific-tests,PAGE: Assessments & Testing
https://testlify.com/saas-industry/,saas-industry,PAGE: Unclustered / Other
https://testlify.com/safety-quotient-assessment-alternatives/,safety-quotient-assessment-alternatives,PAGE: Assessments & Testing
https://testlify.com/sales-candidate-assessment-alternatives/,sales-candidate-assessment-alternatives,PAGE: Assessments & Testing
https://testlify.com/sales-hiring/,sales-hiring,PAGE: Recruiting & Talent Acquisition
https://testlify.com/salesdrive-alternatives/,salesdrive-alternatives,PAGE: Competitor Alternatives & Comparisons
https://testlify.com/sammenlign-planer-2/,sammenlign-planer-2,PAGE: Unclustered / Other
https://testlify.com/science/,science,PAGE: Unclustered / Other
https://testlify.com/seamless-ats-integration/,seamless-ats-integration,PAGE: Recruiting & Talent Acquisition
https://testlify.com/searchlight-alternatives/,searchlight-alternatives,PAGE: Competitor Alternatives & Comparisons
https://testlify.com/security-and-compliance/,security-and-compliance,PAGE: HR Operations & Compliance
https://testlify.com/security-control-and-visibility/,security-control-and-visibility,PAGE: Unclustered / Other
https://testlify.com/security-practices/,security-practices,PAGE: Unclustered / Other
https://testlify.com/security/,security,PAGE: Unclustered / Other
https://testlify.com/service-level-agreement/,service-level-agreement,PAGE: Unclustered / Other
https://testlify.com/shl-alternatives/,shl-alternatives,PAGE: Competitor Alternatives & Comparisons
https://testlify.com/short-answer-questions/,short-answer-questions,PAGE: Unclustered / Other
https://testlify.com/single-select-questions/,single-select-questions,PAGE: Unclustered / Other
https://testlify.com/sitemap/,sitemap,PAGE: Unclustered / Other
https://testlify.com/situational-judgment/,situational-judgment,PAGE: Assessments & Testing
https://testlify.com/skills-assessment-and-interviewing-platform/,skills-assessment-and-interviewing-platform,PAGE: Assessments & Testing
https://testlify.com/skills-assessment-for-different-use-cases/,skills-assessment-for-different-use-cases,PAGE: Assessments & Testing
https://testlify.com/skills-assessment-platform/,skills-assessment-platform,PAGE: Assessments & Testing
https://testlify.com/skills-assessment-types/,skills-assessment-types,PAGE: Assessments & Testing
https://testlify.com/skills-validation/,skills-validation,PAGE: Unclustered / Other
https://testlify.com/small-medium-businesses/,small-medium-businesses,PAGE: Unclustered / Other
https://testlify.com/smart-personality-assessment-report/,smart-personality-assessment-report,PAGE: Assessments & Testing
https://testlify.com/smart-personality-assessment/,smart-personality-assessment,PAGE: Assessments & Testing
https://testlify.com/softskilllab-alternatives/,softskilllab-alternatives,PAGE: Competitor Alternatives & Comparisons
https://testlify.com/software-skills-tests/,software-skills-tests,PAGE: Skills Tests & Evaluation (by skill)
https://testlify.com/sourcing-channel-efficiency-calculator/,sourcing-channel-efficiency-calculator,PAGE: Recruiting & Talent Acquisition
https://testlify.com/spoergsmaal-til-videointerview/,spoergsmaal-til-videointerview,PAGE: Recruiting & Talent Acquisition
https://testlify.com/subject-matter-experts/,subject-matter-experts,PAGE: Unclustered / Other
https://testlify.com/submit-rfp-for-skills-assessment-ai-interviews-proctoring/,submit-rfp-for-skills-assessment-ai-interviews-proctoring,PAGE: Skills Tests & Evaluation (by skill)
https://testlify.com/success/,success,PAGE: Unclustered / Other
https://testlify.com/successfinder-alternatives/,successfinder-alternatives,PAGE: Competitor Alternatives & Comparisons
https://testlify.com/sustainability-goal/,sustainability-goal,PAGE: Unclustered / Other
https://testlify.com/symphony-talent-alternatives/,symphony-talent-alternatives,PAGE: Competitor Alternatives & Comparisons
https://testlify.com/system-compatibility-check-for-remote-asessments/,system-compatibility-check-for-remote-asessments,"PAGE: Workplace, Culture & Future of Work"
https://testlify.com/talent-acquisiton-and-ai/,talent-acquisiton-and-ai,PAGE: Recruiting & Talent Acquisition
https://testlify.com/talent-science-alternatives/,talent-science-alternatives,PAGE: Competitor Alternatives & Comparisons
https://testlify.com/talentchaser-alternatives/,talentchaser-alternatives,PAGE: Competitor Alternatives & Comparisons
https://testlify.com/talentoday-alternatives/,talentoday-alternatives,PAGE: Competitor Alternatives & Comparisons
https://testlify.com/teamglide-alternatives/,teamglide-alternatives,PAGE: Competitor Alternatives & Comparisons
https://testlify.com/terms/,terms,PAGE: Unclustered / Other
https://testlify.com/test-library/,test-library,PAGE: Unclustered / Other
https://testlify.com/test-psicometrici/,test-psicometrici,PAGE: Unclustered / Other
https://testlify.com/testing-2/,testing-2,PAGE: Unclustered / Other
https://testlify.com/testlibra-alternatives/,testlibra-alternatives,PAGE: Competitor Alternatives & Comparisons
https://testlify.com/testlify-assessment/,testlify-assessment,PAGE: Assessments & Testing
https://testlify.com/testlify-community/,testlify-community,PAGE: Unclustered / Other
https://testlify.com/testlify-information-security-standards/,testlify-information-security-standards,PAGE: Unclustered / Other
https://testlify.com/testlify-introduces-a-wide-array-of-psychometric-tests/,testlify-introduces-a-wide-array-of-psychometric-tests,PAGE: Assessments & Testing
https://testlify.com/testlify-launches-conversational-ai-for-talent-assessment/,testlify-launches-conversational-ai-for-talent-assessment,PAGE: Assessments & Testing
https://testlify.com/testlify-pioneers-the-future-with-full-ai-integration-in-talentassessment-revolution/,testlify-pioneers-the-future-with-full-ai-integration-in-talentassessment-revolution,PAGE: Assessments & Testing
https://testlify.com/testlify-the-recruiter-who-never-sleeps/,testlify-the-recruiter-who-never-sleeps,PAGE: Recruiting & Talent Acquisition
https://testlify.com/the-english-quiz-alternatives/,the-english-quiz-alternatives,PAGE: Competitor Alternatives & Comparisons
https://testlify.com/thomas-international-alternatives/,thomas-international-alternatives,PAGE: Competitor Alternatives & Comparisons
https://testlify.com/toggl-hire-alternatives/,toggl-hire-alternatives,PAGE: Competitor Alternatives & Comparisons
https://testlify.com/tools/,tools,PAGE: Unclustered / Other
https://testlify.com/topgrading-alternatives/,topgrading-alternatives,PAGE: Competitor Alternatives & Comparisons
https://testlify.com/tour-del-prodotto/,tour-del-prodotto,PAGE: Unclustered / Other
https://testlify.com/tour-do-produto/,tour-do-produto,PAGE: Unclustered / Other
https://testlify.com/traitify-alternatives/,traitify-alternatives,PAGE: Competitor Alternatives & Comparisons
https://testlify.com/trust/compliances/,trust/compliances,PAGE: HR Operations & Compliance
https://testlify.com/trust/data-management/,trust/data-management,PAGE: Recruiting & Talent Acquisition
https://testlify.com/trust/data-requests/,trust/data-requests,PAGE: Unclustered / Other
https://testlify.com/trust/privacy/,trust/privacy,PAGE: Unclustered / Other
https://testlify.com/trust/security/,trust/security,PAGE: Unclustered / Other
https://testlify.com/typing-test/,typing-test,PAGE: Assessments & Testing
https://testlify.com/udder/,udder,PAGE: Unclustered / Other
https://testlify.com/ultimate-guide-to-employer-branding-ebook/,ultimate-guide-to-employer-branding-ebook,"PAGE: Workplace, Culture & Future of Work"
https://testlify.com/unleash-your-brands-potential/,unleash-your-brands-potential,PAGE: Unclustered / Other
https://testlify.com/unsere-partner/,unsere-partner,PAGE: Unclustered / Other
https://testlify.com/vaare-partnere/,vaare-partnere,PAGE: Unclustered / Other
https://testlify.com/veremark/,veremark,PAGE: Unclustered / Other
https://testlify.com/verensics-alternatives/,verensics-alternatives,PAGE: Competitor Alternatives & Comparisons
https://testlify.com/video-interviewing-tool/,video-interviewing-tool,PAGE: Recruiting & Talent Acquisition
https://testlify.com/visite-guidee-du-produit/,visite-guidee-du-produit,PAGE: Unclustered / Other
https://testlify.com/volume-hiring/,volume-hiring,PAGE: Recruiting & Talent Acquisition
https://testlify.com/vores-partnere/,vores-partnere,PAGE: Unclustered / Other
https://testlify.com/weirdly-alternatives/,weirdly-alternatives,PAGE: Competitor Alternatives & Comparisons
https://testlify.com/whats-new/,whats-new,PAGE: Recruiting & Talent Acquisition
https://testlify.com/whire/,whire,PAGE: Recruiting & Talent Acquisition
https://testlify.com/white-label/,white-label,PAGE: Unclustered / Other
https://testlify.com/why-testlify/,why-testlify,PAGE: Unclustered / Other
https://testlify.com/wired2perform-alternatives/,wired2perform-alternatives,PAGE: Competitor Alternatives & Comparisons
https://testlify.com/wonderlic-alternatives/,wonderlic-alternatives,PAGE: Competitor Alternatives & Comparisons
https://testlify.com/write-for-us/,write-for-us,PAGE: Unclustered / Other
https://testlify.com/writers/,writers,PAGE: Unclustered / Other
https://testlify.com/xbinsight-alternatives/,xbinsight-alternatives,PAGE: Competitor Alternatives & Comparisons
https://testlify.com/yes-no-questions/,yes-no-questions,PAGE: Unclustered / Other
https://testlify.com/zapier-integration/,zapier-integration,PAGE: Unclustered / Other
https://testlify.com/zoho-recruit-integration/,zoho-recruit-integration,PAGE: Recruiting & Talent Acquisition
