theme,pillar,posts,status,hub_page,cluster_links_from_hub
Interview Questions by Role,Web & Full-Stack Developer Interview Questions,15,page_orphaned,interview-questions-bank,0/15
Interview Questions by Role,Sales Role Interview Questions,15,article,account-executive-interview-questions,
Interview Questions by Role,Finance & Investment Role Interview Questions,15,article,financial-analyst-interview-questions-to-ask-job-applicants,
Interview Questions by Role,Logistics & Fulfillment Role Interview Questions,15,article,distribution-manager-interview-questions-to-ask-job-applicants,
Interview Questions by Role,Marketing Manager & Specialist Interview Questions,14,article,marketing-manager-interview-questions-to-ask-job-applicants,
Interview Questions by Role,PR & Public Relations Role Interview Questions,14,page_orphaned,interview-questions-bank,0/14
Interview Questions by Role,Programming Language Developer Interview Questions,13,page_orphaned,interview-questions-bank,0/13
Interview Questions by Role,Systems & Network Administration Interview Questions,13,article,system-administrator-interview-questions-to-ask-job-applicants,
Interview Questions by Role,Specialized & Emerging-Tech Developer Interview Questions,12,page_orphaned,interview-questions-bank,0/12
Interview Questions by Role,"Digital, SEO & Social Media Marketing Interview Questions",12,article,digital-marketing-interview-questions-to-ask-job-applicants,
Interview Questions by Role,Finance & Accounting Analyst Interview Questions,12,article,financial-analyst-interview-questions-to-ask-job-applicants,
Interview Questions by Role,Data Analyst & Data Scientist Interview Questions,11,article,data-analyst-interview-questions-to-ask-job-applicants,
Interview Questions by Role,AI & Data Engineering Interview Questions,10,page_orphaned,interview-questions-bank,0/10
Interview Questions by Role,Content & Copywriting Interview Questions,10,article,content-writer-interview-questions-to-ask-job-applicants,
Interview Questions by Role,"Learning, Training & Development Role Interview Questions",10,article,corporate-trainer-interview-questions-to-ask-job-applicants,
Interview Questions by Role,Inventory & Warehouse Role Interview Questions,10,article,inventory-analyst-interview-questions-to-ask-job-applicants,
Interview Questions by Role,Clerical & Records Support Interview Questions,10,article,document-controller-interview-questions-to-ask-job-applicants,
Interview Questions by Role,Insurance & Claims Role Interview Questions,9,article,claims-adjuster-interview-questions-to-ask-job-applicants,
Interview Questions by Role,"Business Development, Strategy & Consulting Interview Questions",9,page_orphaned,interview-questions-bank,0/9
Interview Questions by Role,Interview Questions by Role,8,pillar_weak,interview-questions-bank,1/8
Interview Questions by Role,IT Support & Service Management Interview Questions,8,page_orphaned,interview-questions-bank,0/8
Interview Questions by Role,Accounts Payable & Receivable Interview Questions,8,page_orphaned,interview-questions-bank,0/8
Interview Questions by Role,Audit & Compliance Interview Questions,8,page_orphaned,interview-questions-bank,0/8
Interview Questions by Role,"HR, HRIS & Payroll Role Interview Questions",8,article,hr-manager-interview-questions-to-ask-job-applicants,
Interview Questions by Role,Procurement & Purchasing Role Interview Questions,8,page_orphaned,interview-questions-bank,0/8
Interview Questions by Role,Legal Role Interview Questions,8,article,contract-administrator-interview-questions-to-ask-job-applicants,
Interview Questions by Role,Administrative & Executive Support Interview Questions,8,article,administrative-assistant-interview-questions-to-ask-job-applicants,
Interview Questions by Role,Office & Facilities Management Interview Questions,8,article,facilities-manager-interview-questions-to-ask-job-applicants,
Interview Questions by Role,Risk & Regulatory Affairs Interview Questions,7,article,risk-analyst-interview-questions-to-ask-job-applicants,
Interview Questions by Role,"Employee Engagement, Relations & D&I Interview Questions",7,page_orphaned,interview-questions-bank,0/7
Interview Questions by Role,Supply Chain & Production Planning Interview Questions,7,article,production-planner-interview-questions-to-ask-job-applicants,
Interview Questions by Role,"QA, Testing & Cybersecurity Interview Questions",6,page_orphaned,interview-questions-bank,0/6
Interview Questions by Role,Product Management & Analysis Interview Questions,6,article,product-manager-interview-questions-to-ask-job-applicants,
Interview Questions by Role,Project & Program Management Interview Questions,6,page_orphaned,interview-questions-bank,0/6
Interview Questions by Role,Market Research Role Interview Questions,6,article,market-research-analyst-interview-questions-to-ask-job-applicants,
Interview Questions by Role,HR Benefits & Compensation Interview Questions,6,article,benefits-administrator-interview-questions-to-ask-job-applicants,
Interview Questions by Role,Operations Management Role Interview Questions,6,article,operations-manager-interview-questions-to-ask-job-applicants,
Interview Questions by Role,Healthcare & Medical Support Role Interview Questions,6,article,medical-coder-interview-questions-to-ask-job-applicants,
Interview Questions by Role,Data Entry & Data Processing Interview Questions,5,article,data-entry-clerk-interview-questions-to-ask-job-applicants,
Interview Questions by Role,Brand Management Interview Questions,5,article,brand-manager-interview-questions-to-ask-job-applicants,
Interview Questions by Role,Customer Service & Success Interview Questions,5,page_orphaned,interview-questions-bank,0/5
Interview Questions by Role,Billing Role Interview Questions,5,article,billing-clerk-interview-questions-to-ask-job-applicants,
Interview Questions by Role,Event & Conference Planning Interview Questions,5,article,event-coordinator-interview-questions-to-ask-job-applicants,
Interview Questions by Role,UX/UI & Product Design Role Interview Questions,4,article,ui-ux-designer-interview-questions-to-ask-job-applicants,
Interview Questions by Role,CRM & Community Management Interview Questions,4,article,crm-manager-interview-questions-to-ask-job-applicants,
Interview Questions by Role,Talent Acquisition & Recruiting Role Interview Questions,4,page_orphaned,interview-questions-bank,0/4
Interview Questions by Role,Vendor & Supplier Relationship Management Interview Questions,4,article,supplier-relationship-manager-interview-questions-to-ask-job-applicants,
Interview Questions by Role,Quality Assurance & Control Role Interview Questions,4,page_orphaned,interview-questions-bank,0/4
Interview Questions by Role,Business Analyst Interview Questions,4,article,business-analyst-interview-questions-to-ask-job-applicants,
Interview Questions by Role,Research & Development Role Interview Questions,4,article,research-analyst-interview-questions-to-ask-job-applicants,
Interview Questions by Role,Retail & Security Operations Interview Questions,3,article,security-officer-interview-questions-to-ask-job-applicants,
Skills & Job Assessments,Evaluating Marketing Skills in Candidates,15,article,marketing-test-in-your-hiring-process,
Skills & Job Assessments,"Talent Assessment: Fundamentals, Benefits & Getting Started",14,article,talent-assessment-tool-in-your-hiring-process,
Skills & Job Assessments,Using Skills Assessment Data to Improve Hiring,14,page_orphaned,skills-assessment-and-interviewing-platform,0/14
Skills & Job Assessments,Hiring Developers with Programming Skill Tests,14,page_orphaned,coding-tests,0/14
Skills & Job Assessments,English & Language Proficiency Testing,13,article,english-proficiency-test-helps-screen-candidates,
Skills & Job Assessments,Types of Pre-Employment Assessments,12,article,pre-employment-assessments-what-you-need-to-know,
Skills & Job Assessments,Role-Specific Job Tests: Business & Corporate Roles,12,page_orphaned,role-specific-tests,0/12
Skills & Job Assessments,Evaluating Business & Soft Skills,12,partial,hr-glossary/soft-skills,
Skills & Job Assessments,IT & Computer Skills Testing,12,article,it-skills-testing-everything-you-need-to-know,
Skills & Job Assessments,Role-Specific Tests to Unveil Candidates' Hidden Abilities,11,page_orphaned,role-specific-tests,0/11
Skills & Job Assessments,Coding & Technical Assessments in Hiring,11,page_orphaned,coding-tests,0/11
Skills & Job Assessments,"Programming Language Test Guides (SQL, Java, JS & More)",11,page_orphaned,coding-tests,0/11
Skills & Job Assessments,Skills Assessments & Better Hiring Outcomes,11,page_orphaned,skills-assessment-and-interviewing-platform,0/11
Skills & Job Assessments,Pre-Hiring Assessment Strategy,11,article,pre-hiring-assessments-an-accurate-predictor-of-career-progression,
Skills & Job Assessments,Web & Framework Developer Skills Assessments,11,missing,,
Skills & Job Assessments,Designing & Choosing Skills Assessments,11,page_orphaned,skills-assessment-and-interviewing-platform,0/11
Skills & Job Assessments,Assessing Communication & Interpersonal Skills in Recruitment,11,page_orphaned,test-library/interpersonal-skills-test,0/11
Skills & Job Assessments,Assessing Soft Skills & Character Traits for Hiring,11,partial,hr-glossary/soft-skills,
Skills & Job Assessments,Technical Assessments in Recruitment: Tools & Process,10,missing,,
Skills & Job Assessments,"Excel, Office & Data Tool Testing",10,article,microsoft-office-test-in-your-hiring-process,
Skills & Job Assessments,Programming Language Skills Assessments,10,page_orphaned,coding-tests,0/10
Skills & Job Assessments,Evaluating Software Development & Engineering Skills,10,page_orphaned,engineering-skills,0/10
Skills & Job Assessments,Programming Tests: Design & Best Practices,9,page_orphaned,coding-tests,0/9
Skills & Job Assessments,Technology & AI in Hiring Assessments,9,page_orphaned,test-library,0/9
Skills & Job Assessments,Technical Skill Assessments for Hiring,9,page_orphaned,coding-tests,0/9
Skills & Job Assessments,Technical & Developer Hiring Strategy,9,page_orphaned,developer-hiring,0/9
Skills & Job Assessments,Hiring with Occupational Skill Tests,9,page_orphaned,skills-assessment-and-interviewing-platform,0/9
Skills & Job Assessments,Technical Skill Tests for Hiring Developers,8,page_orphaned,coding-tests,0/8
Skills & Job Assessments,Business & Professional Skills Tests,8,missing,,
Skills & Job Assessments,Evaluating Data & Analytics Skills,8,missing,,
Skills & Job Assessments,"Hiring with Office, Admin & Digital Skills Tests",8,missing,,
Skills & Job Assessments,Hiring Developers with Coding & Language Skill Tests,8,page_orphaned,coding-tests,0/8
Skills & Job Assessments,Skills-Based Hiring: Guide & Benefits,8,page_orphaned,knowledge-base/skills-based-hiring-future-ready-workforce,0/8
Skills & Job Assessments,Soft Skills Assessment in Hiring,8,partial,hr-glossary/soft-skills,
Skills & Job Assessments,Situational Judgement Tests in Hiring,7,page_orphaned,situational-judgment,0/7
Skills & Job Assessments,Management & Leadership Assessments,7,article,management-test-guide-for-hiring-managers,
Skills & Job Assessments,"Sales, Customer Service & Support Role Tests",7,missing,,
Skills & Job Assessments,Programming Tests: Running & Interpreting,7,page_orphaned,coding-tests,0/7
Skills & Job Assessments,Trade & Engineering Skills Tests,7,missing,,
Skills & Job Assessments,Pre-Employment Testing Fundamentals: What It Is & Why It Matters,7,article,pre-employment-assessments-what-you-need-to-know,
Skills & Job Assessments,Business & Management Role Assessments,7,page_orphaned,test-library/business-judgement-test,0/7
Skills & Job Assessments,Skills Assessment Best Practices & Fairness,7,page_orphaned,skills-assessment-and-interviewing-platform,0/7
Skills & Job Assessments,Skills Assessments by Role Type & Seniority,7,page_orphaned,skills-assessment-and-interviewing-platform,0/7
Skills & Job Assessments,"Soft-Skills, Psychometric & Remote Assessments",7,page_orphaned,psychometric-tests,0/7
Skills & Job Assessments,Hiring Skilled Trades & Vocational Workers with Tests,7,missing,,
Skills & Job Assessments,Computer & Office Software Skill Tests,6,page_orphaned,typing-test,0/6
Skills & Job Assessments,Aptitude & Behavioral Trait Tests for Recruiting,6,page_orphaned,test-library/aptitude-test,0/6
Skills & Job Assessments,Computer Literacy Tests for Hiring,6,article,computer-literacy-test-in-hiring-decisions,
Skills & Job Assessments,Running an Effective Pre-Employment Testing Process,6,article,pre-employment-assessments-what-you-need-to-know,
Skills & Job Assessments,"Pre-Employment Testing Software, Trends & Compliance",6,article,pre-employment-assessments-what-you-need-to-know,
Skills & Job Assessments,"Database, Cloud & Security Skills Assessments",6,page_orphaned,test-library/cybersecurity-test,0/6
Skills & Job Assessments,Soft Skills & Behavioral Skills Assessments,6,article,behavioral-assessments-impact-hiring-decisions,
Skills & Job Assessments,Hiring with English & Language Proficiency Tests,6,article,english-proficiency-test-helps-screen-candidates,
Skills & Job Assessments,Sales Aptitude Tests for Hiring Salespeople,5,page_orphaned,sales-hiring,0/5
Skills & Job Assessments,Developer & DevOps Role Tests for Recruiting,5,page_orphaned,test-library/full-stack-developer-test,0/5
Skills & Job Assessments,QA & Software Testing Assessments for Hiring,5,page_orphaned,test-library/qa-test-automation,0/5
Skills & Job Assessments,Choosing Talent & Team Assessment Tools,5,article,talent-assessment-tools-available-in-dutch,
Skills & Job Assessments,Types of Pre-Employment & Pre-Hire Tests,5,article,pre-employment-tests-for-hiring-success,
Skills & Job Assessments,When & Why to Use Pre-Hiring Assessments,5,article,pre-hiring-assessments-an-accurate-predictor-of-career-progression,
Skills & Job Assessments,Designing & Creating Effective Hiring Assessments,5,page_orphaned,skills-assessment-and-interviewing-platform,0/5
Skills & Job Assessments,Marketing & Analytics Skills Assessments,5,article,marketing-test-in-your-hiring-process,
Skills & Job Assessments,Evaluating Design & UX Skills,5,missing,,
Skills & Job Assessments,Assessing Employee Soft Skills & Traits,5,partial,hr-glossary/soft-skills,
Skills & Job Assessments,AI in Candidate Assessment & Evaluation,5,page_orphaned,test-library,0/5
Skills & Job Assessments,Attention to Detail Tests in Hiring,4,article,attention-to-detail-test-in-hiring-decisions,
Skills & Job Assessments,NLP & Specialized Technical Role Tests,4,missing,,
Skills & Job Assessments,Evaluating Finance & Risk Skills,4,missing,,
Skills & Job Assessments,Assessing Candidate Cultural Fit,4,page_orphaned,test-library/culture-fit,0/4
Skills & Job Assessments,English & Language Proficiency Testing,3,article,english-proficiency-test-helps-screen-candidates,
Skills & Job Assessments,"Integrity, Reliability & Character Tests",3,partial,hr-glossary/integrity-testing,
Skills & Job Assessments,Marketing & Ads Skills Tests,3,article,marketing-test-in-your-hiring-process,
Skills & Job Assessments,Candidate Experience in Assessments,3,partial,hr-glossary/candidate-experience,
Skills & Job Assessments,Assessment Reports & Metrics,3,missing,,
Skills & Job Assessments,Assessment Validity Types,3,missing,,
Skills & Job Assessments,Data-Driven Hiring with Assessment Analytics,3,article,data-driven-hiring-leveraging-analytics-in-employment-testing,
Skills & Job Assessments,Accounting & Finance Skills Assessments,3,missing,,
Skills & Job Assessments,Skills-Based Hiring,3,page_orphaned,knowledge-base/skills-based-hiring-future-ready-workforce,0/3
Personality & Aptitude Testing,Using Personality Tests in Hiring: Value & Debate,15,article,personality-tests-for-hiring-are-a-must-have,
Personality & Aptitude Testing,"Aptitude Tests: Types, Benefits & Recruitment Strategy",15,page_orphaned,test-library/aptitude-test,0/15
Personality & Aptitude Testing,DISC Personality Test for Hiring,14,page_orphaned,test-library/disc-testlify-personality-assessment,0/14
Personality & Aptitude Testing,Assessing Character & Behavioral Traits in Recruitment,13,article,behavioral-assessments-impact-hiring-decisions,
Personality & Aptitude Testing,Emotional Intelligence Tests for Hiring,12,article,emotional-intelligence-test-for-hiring-is-a-must-have,
Personality & Aptitude Testing,Big Five Personality Test in Recruitment,10,article,personality-tests-for-hiring-are-a-must-have,
Personality & Aptitude Testing,Psychometric Tests in Recruitment,10,page_orphaned,psychometric-tests,0/10
Personality & Aptitude Testing,Using Cognitive Ability Tests in Recruitment,9,page_orphaned,cognitive-ability-tests,0/9
Personality & Aptitude Testing,Assessing Cognitive & Analytical Skills in Recruitment,9,page_orphaned,cognitive-ability-tests,0/9
Personality & Aptitude Testing,"Personality Tests for Culture Fit, Retention & Development",8,article,personality-tests-for-hiring-are-a-must-have,
Personality & Aptitude Testing,Personality & Motivational Fit Assessments,7,article,personality-tests-for-hiring-are-a-must-have,
Personality & Aptitude Testing,"Personality Test Types: DISC, Big Five, Enneagram & Visual",7,article,personality-tests-for-hiring-are-a-must-have,
Personality & Aptitude Testing,Cognitive Reasoning Assessments: Predicting & Developing Top Performers,7,missing,,
Personality & Aptitude Testing,Hiring with Cognitive & Aptitude Tests,7,page_orphaned,cognitive-ability-tests,0/7
Personality & Aptitude Testing,Reasoning & Cognitive Skill Tests by Type,6,missing,,
Personality & Aptitude Testing,Cognitive & Aptitude Skills Assessments,6,article,aptitude-tests,
Personality & Aptitude Testing,Hiring with Personality & Behavioral Assessments,5,article,personality-tests-for-hiring-are-a-must-have,
Personality & Aptitude Testing,Hiring with Aptitude & Cognitive Ability Tests,5,page_orphaned,cognitive-ability-tests,0/5
Candidate Screening & Proctoring,Screening Candidates with Programming & Technical Tests,14,page_orphaned,coding-tests,0/14
Candidate Screening & Proctoring,"Screening for Management, Sales & Business Roles",13,missing,,
Candidate Screening & Proctoring,Screening Skilled Trades & Engineering Candidates,12,missing,,
Candidate Screening & Proctoring,Online Proctoring Basics & Setup,11,article,online-proctoring,
Candidate Screening & Proctoring,Candidate Screening Fundamentals & Best Practices,11,article,candidate-screening,
Candidate Screening & Proctoring,Hiring Bias & Bias-Free Screening,11,partial,hr-glossary/unconscious-bias,
Candidate Screening & Proctoring,Fair & Bias-Free Hiring,10,article,blind-hiring,
Candidate Screening & Proctoring,Screening with Personality & Behavioral Assessments,10,article,personality-tests-for-hiring-are-a-must-have,
Candidate Screening & Proctoring,Video & Audio Interviews,10,article,video-interviews,
Candidate Screening & Proctoring,Screening with Cognitive & Aptitude Tests,9,pillar_weak,cognitive-ability-tests,1/9
Candidate Screening & Proctoring,AI Interviews for Hiring,9,article,ai-interviews-for-candidate-screening,
Candidate Screening & Proctoring,Preventing Cheating in Online Tests,8,page_orphaned,anti-cheating-and-proctoring,0/8
Candidate Screening & Proctoring,Resume Screening Techniques,7,article,resume-screening-every-recruiter-should-know,
Candidate Screening & Proctoring,Designing Effective Technical Interview Questions,7,article,technical-interview-questions-to-assess-problem-solving-skills,
Candidate Screening & Proctoring,AI Proctoring for Online Exams,7,article,ai-proctoring-compliance,
Candidate Screening & Proctoring,Online Test Integrity & Plagiarism Detection,7,missing,,
Candidate Screening & Proctoring,Candidate Screening Software & Tools,7,article,candidate-screening-software,
Candidate Screening & Proctoring,How to Conduct Effective & Structured Interviews,7,partial,hr-glossary/structured-interview,
Candidate Screening & Proctoring,Candidate Screening & Search,7,article,candidate-screening,
Candidate Screening & Proctoring,Background & Reference Checks in Hiring,6,article,background-checks,
Candidate Screening & Proctoring,Recruitment & Employment Fraud Prevention,6,article,recruitment-fraud-financial-and-brand-risk,
Candidate Screening & Proctoring,Screening with English & Communication Tests,6,article,english-proficiency-test-helps-screen-candidates,
Candidate Screening & Proctoring,Employee Monitoring & Performance Tracking,6,partial,hr-tools/employee-monitoring,
Candidate Screening & Proctoring,"Resume Screening, Parsing & Verification",6,article,resume-verification-process,
Candidate Screening & Proctoring,Technical Screening & Online Exam Proctoring,6,article,technical-screening,
Candidate Screening & Proctoring,Using Technical Interview Questions to Screen Candidates,5,article,technical-interview-questions-to-assess-problem-solving-skills,
Candidate Screening & Proctoring,Screening QA & Tool-Specific Test Candidates,5,page_orphaned,test-library/qa-test-automation,0/5
Candidate Screening & Proctoring,Remote Interviews & Candidate Communication,5,missing,,
Candidate Screening & Proctoring,Remote Hiring & Virtual Assessments,4,page_orphaned,remote-hiring,0/4
Candidate Screening & Proctoring,Interviewing Platforms & Tools,4,missing,,
Candidate Screening & Proctoring,Interview Process Metrics & Efficiency,4,article,interview-to-hire-ratio,
Candidate Screening & Proctoring,"Employee Selection, Vetting & Evaluation",4,article,employee-selection-methods,
Candidate Screening & Proctoring,Proctoring for Technical & Coding Assessments,3,article,live-proctoring,
Candidate Screening & Proctoring,Interview Integrity & Red Flags,3,article,interview-red-flags-candidates,
Candidate Screening & Proctoring,Candidate Screening & Credential Verification,3,missing,,
Candidate Screening & Proctoring,Resume Screening & Candidate Evaluation,3,article,resume-screening-every-recruiter-should-know,
Recruiting & Talent Acquisition,AI in Recruitment,15,article,ai-in-recruitment,
Recruiting & Talent Acquisition,Talent Planning & Talent Lifecycle,15,article,talent-planning-essentials-for-modern-businesses,
Recruiting & Talent Acquisition,Attracting & Retaining Top Talent,15,missing,,
Recruiting & Talent Acquisition,Talent Acquisition Strategy & Best Practices,14,partial,hr-glossary/talent-acquisition,
Recruiting & Talent Acquisition,Staffing Services & the Staffing Process,14,partial,hr-glossary/staffing,
Recruiting & Talent Acquisition,Talent Acquisition Strategy,13,partial,hr-glossary/talent-acquisition,
Recruiting & Talent Acquisition,Candidate Sourcing Strategy & Process,13,article,talent-sourcing-strategies,
Recruiting & Talent Acquisition,Modern & Emerging Recruitment Trends,13,article,recruitment-trends-in-customer-service-manager-hiring,
Recruiting & Talent Acquisition,Recruiting Tools & Software Selection,13,article,recruitment-methods,
Recruiting & Talent Acquisition,Creating a Positive Candidate Experience,13,partial,hr-glossary/candidate-experience,
Recruiting & Talent Acquisition,"Recruitment Metrics, KPIs & ROI",13,article,recruitment-metrics-for-assessing-candidate,
Recruiting & Talent Acquisition,AI & Data-Driven Hiring,13,article,data-driven-hiring-leveraging-analytics-in-employment-testing,
Recruiting & Talent Acquisition,Designing & Managing the Hiring Process,12,article,hiring-process-checklist,
Recruiting & Talent Acquisition,Building High-Performing Teams by Function,12,partial,hr-glossary/team-building,
Recruiting & Talent Acquisition,High-Volume & Enterprise Hiring at Scale,12,page_orphaned,volume-hiring,0/12
Recruiting & Talent Acquisition,Building a Hiring Plan & Process,11,article,hiring-process-checklist,
Recruiting & Talent Acquisition,Building & Managing a Talent Pool,11,partial,hr-glossary/talent-pooling,
Recruiting & Talent Acquisition,Building a Strong Employer Brand,11,partial,hr-glossary/employer-brand,
Recruiting & Talent Acquisition,Workforce Planning Fundamentals & Strategy,11,partial,hr-glossary/workforce-planning,
Recruiting & Talent Acquisition,Recruitment Technology & Automation Tools,10,article,recruitment-technology,
Recruiting & Talent Acquisition,Recruitment Technology Tools & Trends,10,article,recruitment-technology,
Recruiting & Talent Acquisition,"Global, Seasonal & Freelance Hiring",10,page_orphaned,freelance-hiring,0/10
Recruiting & Talent Acquisition,ATS & Recruitment Tech Integration,9,page_orphaned,integrations,0/9
Recruiting & Talent Acquisition,"High-Volume, Blue-Collar & Mass Recruiting",9,missing,,
Recruiting & Talent Acquisition,Sources of Recruitment,8,article,sources-of-recruitment-checklist,
Recruiting & Talent Acquisition,Recruitment Planning & Strategy Fundamentals,8,article,recruitment-planning,
Recruiting & Talent Acquisition,Diversity & Inclusive Recruitment,8,missing,,
Recruiting & Talent Acquisition,Social Media & Digital Recruiting Strategies,8,article,social-media-recruiting,
Recruiting & Talent Acquisition,"Dealing with a Bad Hire: Signs, Cost & Recovery",8,article,cost-of-a-bad-hire,
Recruiting & Talent Acquisition,Optimizing the Hiring Funnel & Time-to-Hire,8,page_orphaned,knowledge-base/hiring-funnel-leaking-talent,0/8
Recruiting & Talent Acquisition,Job Profiles & Job Requisitions,8,article,job-profile-components,
Recruiting & Talent Acquisition,Campus & University Recruiting,7,pillar_weak,campus-hiring,1/7
Recruiting & Talent Acquisition,Recruiting Efficiency & Cost Reduction,7,page_orphaned,cost-per-hire-calculator,0/7
Recruiting & Talent Acquisition,How Top Companies Hire,6,article,hiring-process-checklist,
Recruiting & Talent Acquisition,AI Recruitment Tools & Platforms,6,article,ai-recruitment-platforms,
Recruiting & Talent Acquisition,Reducing Time-to-Hire & Slow Hiring Costs,6,partial,hr-glossary/time-to-hire,
Recruiting & Talent Acquisition,Recruitment Agencies & Process Outsourcing,6,article,recruitment-process-outsourcing,
Recruiting & Talent Acquisition,Lateral Hiring Strategy,6,page_orphaned,lateral-hiring,0/6
Recruiting & Talent Acquisition,"Candidate Experience: Drop-off, Ghosting & Feedback",6,article,candidate-ghosting,
Recruiting & Talent Acquisition,Finding & Attracting Qualified Candidates,5,missing,,
Recruiting & Talent Acquisition,Candidate Sourcing Tools & Technology,5,article,sourcing-tools-recruiters-use-to-find-candidates,
Recruiting & Talent Acquisition,Sourcing Passive Candidates & Talent Pipelines,5,article,passive-candidates,
Recruiting & Talent Acquisition,Streamlining & Improving the Hiring Process,5,article,hiring-process-checklist,
Recruiting & Talent Acquisition,Recruitment Strategy for Strong Teams,5,partial,hr-glossary/team-building,
Recruiting & Talent Acquisition,Building a Recruitment Tech Stack,5,missing,,
Recruiting & Talent Acquisition,General Talent Acquisition & Hiring Strategy,5,partial,hr-glossary/talent-acquisition,
Recruiting & Talent Acquisition,Modern & Remote Recruitment Approaches,5,page_orphaned,remote-hiring,0/5
Recruiting & Talent Acquisition,Job Boards & Job Search Tools,4,missing,,
Recruiting & Talent Acquisition,"Sourcing for Specific Segments (Startups, SMBs, Remote, Hard-to-Fill)",4,missing,,
Recruiting & Talent Acquisition,Global & Cross-Border Talent Acquisition,4,article,global-hiring-challenges-and-solutions,
Recruiting & Talent Acquisition,Global Recruitment,4,article,global-recruitment,
Recruiting & Talent Acquisition,"Recruiter Community, Networking & Career",4,article,hr-communities-recruiters-should-join,
Recruiting & Talent Acquisition,Reverse Recruiting,4,article,reverse-recruiting,
Recruiting & Talent Acquisition,Building Teams & Global Hiring with Assessments,3,missing,,
Recruiting & Talent Acquisition,Writing Job Descriptions & Job Adverts,3,page_orphaned,job-description-templates,0/3
Recruiting & Talent Acquisition,Recruiter Skills & Identifying Top Talent,3,article,identifying-top-talent-with-writing-assessments,
Recruiting & Talent Acquisition,Industry-Specific Hiring Landscapes,3,missing,,
Recruiting & Talent Acquisition,Employee Referral Programs,3,page_orphaned,referral-program,0/3
Recruiting & Talent Acquisition,Salary Negotiation & Pay Offers,3,missing,,
Recruiting & Talent Acquisition,Recruitment & Onboarding Email Templates,3,article,email-templates-for-referrals-internal-hiring,
Hiring by Role & Use-case,Hiring Engineering & Software Talent by Role,15,missing,,
Hiring by Role & Use-case,Pre-Hire Assessments by Industry (A–H),14,article,pre-hire-assessments-for-automotive-industry,
Hiring by Role & Use-case,"Screening Mobile, Data & Emerging-Tech Developers",14,missing,,
Hiring by Role & Use-case,Hiring for Specific Roles & Industries,13,missing,,
Hiring by Role & Use-case,Screening Software Developers by Language & Stack,13,page_orphaned,coding-tests,0/13
Hiring by Role & Use-case,"Hiring Sales, Marketing & Business Roles",13,page_orphaned,sales-hiring,0/13
Hiring by Role & Use-case,Recruitment Trends in Tech & IT Role Hiring,12,article,recruitment-trends-in-customer-service-manager-hiring,
Hiring by Role & Use-case,"Recruitment Trends in Business, Marketing & HR Role Hiring",12,article,recruitment-trends-in-customer-service-manager-hiring,
Hiring by Role & Use-case,How to Hire Developers & Tech Roles,12,page_orphaned,developer-hiring,0/12
Hiring by Role & Use-case,Pre-Hire Assessments by Industry (H–T),11,article,pre-hire-assessments-for-automotive-industry,
Hiring by Role & Use-case,Hiring Skilled Trades & Construction Workers,11,missing,,
Hiring by Role & Use-case,How to Hire Remote Employees,10,page_orphaned,remote-hiring,0/10
Hiring by Role & Use-case,Hiring Without Traditional Interviews & Trials,9,page_orphaned,knowledge-base/skills-based-hiring-future-ready-workforce,0/9
Hiring by Role & Use-case,How to Hire Construction & Building Trades,9,missing,,
Hiring by Role & Use-case,Hiring & Assessing Specialized Roles,9,page_orphaned,skills-assessment-and-interviewing-platform,0/9
Hiring by Role & Use-case,HR in Higher Education,8,missing,,
Hiring by Role & Use-case,Hiring Mechanics & Repair Technicians,8,missing,,
Hiring by Role & Use-case,Hiring Manufacturing & Machine Operators,8,missing,,
Hiring by Role & Use-case,Hiring Warehouse & Logistics Workers,8,missing,,
Hiring by Role & Use-case,"Hiring Outdoor, Agriculture & Resource Workers",8,missing,,
Hiring by Role & Use-case,Hiring Facilities & Cleaning Staff,7,missing,,
Hiring by Role & Use-case,"Hiring Hospitality, Retail & Restaurant Staff",7,missing,,
Hiring by Role & Use-case,Pre-Hire Assessments by Role & Hiring Scenario,6,article,pre-hire-assessments-for-automotive-industry,
Hiring by Role & Use-case,How to Hire Service & Support Workers,6,missing,,
Hiring by Role & Use-case,Recruiting for Specific Roles & Industries,6,missing,,
Hiring by Role & Use-case,Hiring Software Developers,6,page_orphaned,developer-hiring,0/6
Hiring by Role & Use-case,"Hiring HR, Management & Business Professionals",6,missing,,
Hiring by Role & Use-case,Executive & Leadership Hiring,6,article,executive-hiring-playbook,
Hiring by Role & Use-case,How to Hire Marketing & Content Roles,4,missing,,
Hiring by Role & Use-case,How to Hire Food Service & Hospitality Staff,3,missing,,
Hiring by Role & Use-case,Hiring Data & Analytics Talent by Role,3,article,hire-data-scientists-without-coding-tests,
Employee Experience & Development,Employee Engagement Strategies & Programs,15,article,employee-engagement-strategies-for-different-generations,
Employee Experience & Development,Succession Planning,15,partial,hr-glossary/succession-planning,
Employee Experience & Development,New Hire Orientation & Onboarding,13,article,new-hire-orientations-for-remote-teams,
Employee Experience & Development,Employee Training & Development Programs,12,page_orphaned,test-library/employee-development-skills,0/12
Employee Experience & Development,"Thriving Workplaces, Motivation & Productivity",10,missing,,
Employee Experience & Development,Employee Onboarding Process Guides & Best Practices,10,partial,hr-glossary/employee-onboarding,
Employee Experience & Development,Organizational Development,10,page_orphaned,test-library/organizational-development,0/10
Employee Experience & Development,Leadership Styles & Executive Leadership,9,page_orphaned,test-library/leadership,0/9
Employee Experience & Development,HR & Employee Communication,9,article,hr-communication-email-templates-for-hiring-managers,
Employee Experience & Development,Leadership Development Programs & Plans,8,article,leadership-development-programs-for-hr-professionals,
Employee Experience & Development,Employee Retention Strategies,8,partial,hr-glossary/employee-retention,
Employee Experience & Development,Employee Experience Management,8,partial,hr-glossary/employee-experience,
Employee Experience & Development,Talent Development & Growth,7,page_orphaned,test-library/employee-development-skills,0/7
Employee Experience & Development,Improving Job Satisfaction,7,partial,hr-glossary/employee-satisfaction,
Employee Experience & Development,Career Development & Internal Mobility,6,page_orphaned,internal-mobility,0/6
Employee Experience & Development,"Employee Well-being, Morale & Mental Health",6,article,employee-well-being-initiative,
Employee Experience & Development,Learning Management Systems (LMS),5,partial,hr-glossary/learning-management-system-lms,
Employee Experience & Development,Building a Continuous Learning Culture,5,missing,,
Employee Experience & Development,Onboarding & Pre-boarding,4,partial,hr-glossary/onboarding,
Employee Experience & Development,Performance Management & Reviews,4,partial,hr-glossary/performance-management,
Employee Experience & Development,Work-Life Balance & Workplace Wellness,4,partial,hr-glossary/work-life-balance,
Employee Experience & Development,Upskilling & Reskilling the Workforce,4,article,upskilling-and-reskilling,
Employee Experience & Development,Exit Interview Questions & Best Practices,3,page_orphaned,interview-questions-bank,0/3
Employee Experience & Development,Employee Engagement & Recognition Tools,3,partial,hr-tools/employee-recognition,
Employee Experience & Development,"Onboarding Templates, Checklists & Welcome Ideas",3,article,onboarding-checklist,
Employee Experience & Development,"Onboarding Blue-Collar, External & Contingent Workers",3,partial,hr-glossary/employee-onboarding,
Employee Experience & Development,HR Skills & People Management,3,article,hr-skills,
HR Operations & Compliance,Strategic Human Resource Planning,15,article,strategic-human-resource-planning-for-future-of-work,
HR Operations & Compliance,"HR Tech Tools, Core Systems & Digital Transformation",12,article,hr-digital-transformation,
HR Operations & Compliance,"HR Compliance, Benefits & Policies",11,partial,hr-glossary/hr-compliance,
HR Operations & Compliance,State Employment & Labor Laws (Eastern & Southern US),11,missing,,
HR Operations & Compliance,"HR Compliance Policies, Audits & Legal Checklists",11,partial,hr-glossary/hr-compliance,
HR Operations & Compliance,Compensation & Benefits: Designing & Managing Programs,11,article,compensation-and-benefits-for-the-future-of-work,
HR Operations & Compliance,HR Metrics & People Analytics,10,partial,hr-glossary/people-analytics,
HR Operations & Compliance,HR Technology & AI for HR Teams,10,article,ai-in-hr-communication-engagement,
HR Operations & Compliance,State Employment & Labor Laws (Central & Western US),10,missing,,
HR Operations & Compliance,"HR Strategy, Policies & Business Alignment",10,partial,hr-glossary/hr-policies,
HR Operations & Compliance,"Fair, Compliant & Bias-Free Pre-Hiring Assessments",9,missing,,
HR Operations & Compliance,"HR Technology, HRMS & Automation",9,page_orphaned,test-library/hrms,0/9
HR Operations & Compliance,"HR Strategy, Goals & Planning",9,article,hr-goals-and-objectives,
HR Operations & Compliance,HR Software & Tools,8,page_orphaned,hr-tools,0/8
HR Operations & Compliance,HR Functions & Core Processes,8,article,hr-functions,
HR Operations & Compliance,Compensation & Benefits by Company Type & Modern Packages,8,article,compensation-and-benefits-for-the-future-of-work,
HR Operations & Compliance,Job Design & Work Structuring,8,article,job-design,
HR Operations & Compliance,Human Resource Management Fundamentals,7,partial,hr-glossary/human-resource-management,
HR Operations & Compliance,Recruitment Compliance & Legal Considerations,6,missing,,
HR Operations & Compliance,Building an HR Toolkit,6,page_orphaned,hr-tools,0/6
HR Operations & Compliance,"Assessment Quality, Fairness & Best Practices",5,missing,,
HR Operations & Compliance,HR Manager Operational Skills & Crisis Management,5,page_orphaned,test-library/crisis-management,0/5
HR Operations & Compliance,Employee Handbooks & Workplace Policy,5,partial,hr-glossary/employee-handbook,
HR Operations & Compliance,Internal Communication for HR,5,article,internal-communications-coordinator-interview-questions-to-ask-job-applicants,
HR Operations & Compliance,Job Offer & Posting Templates,4,missing,,
HR Operations & Compliance,Attrition & Turnover Explained,4,partial,hr-glossary/attrition-rate,
HR Operations & Compliance,HR for Small Businesses & Startups,4,missing,,
HR Operations & Compliance,"Fair, Compliant & Bias-Free Hiring",3,missing,,
HR Operations & Compliance,"HR Metrics, KPIs & Reporting",3,article,hr-kpis,
HR Operations & Compliance,HR Communication & Difficult Conversations,3,article,hr-communication-email-templates-for-hiring-managers,
HR Operations & Compliance,HR Solutions by Company Type,3,article,hr-solutions-for-remote-work,
HR Operations & Compliance,Payroll Management & HR Payroll Integration,3,partial,hr-glossary/payroll,
HR Operations & Compliance,Starting an HR Business or Agency,3,missing,,
Workplace Culture & Future of Work,Workforce Planning & Management,11,partial,hr-glossary/workforce-planning,
Workplace Culture & Future of Work,HR & Hiring Trends,11,article,hr-trends-in-higher-education,
Workplace Culture & Future of Work,Workplace Culture Strategy & Business Impact,11,partial,hr-glossary/organizational-culture,
Workplace Culture & Future of Work,"Workplace Diversity, Equity & Inclusion (DEI)",10,article,diversity-and-inclusion-coordinator-interview-questions-to-ask-job-applicants,
Workplace Culture & Future of Work,Future of Work & Hybrid Workplace,9,article,future-of-workplace-culture,
Workplace Culture & Future of Work,Managing Remote & Distributed Teams,9,article,remote-work-allowances-becoming-staple-benefits-packages,
Workplace Culture & Future of Work,HR Buzzwords & Modern Workforce Trends,9,page_orphaned,hr-glossary,0/9
Workplace Culture & Future of Work,Leadership & Organizational Development,8,page_orphaned,test-library/leadership,0/8
Workplace Culture & Future of Work,"Team Structures, Autonomy & Global Teams",8,missing,,
Workplace Culture & Future of Work,Creating a Positive Workplace Culture,8,missing,,
Workplace Culture & Future of Work,Workplace Communication & Conflict Resolution,8,article,conflict-resolution-skills-for-hr-manager,
Workplace Culture & Future of Work,Culture Fit Assessments,7,page_orphaned,test-library/culture-fit,0/7
Workplace Culture & Future of Work,Remote & Distributed Workforce Management,7,article,remote-work-allowances-becoming-staple-benefits-packages,
Workplace Culture & Future of Work,Work-Life Balance & Flexible Work Arrangements,5,partial,hr-glossary/work-life-balance,
Workplace Culture & Future of Work,Emerging Tech & Tech Talent Trends,4,missing,,
Workplace Culture & Future of Work,Quiet Quitting & Workplace Negativity,3,article,quiet-quitting,
Skills Management,Performance Management Systems & Fundamentals,14,article,performance-management-system-in-remote-teams,
Skills Management,Talent Management Fundamentals & Strategy,9,partial,hr-glossary/talent-management,
Skills Management,"Competency & Skills Frameworks, Taxonomies and Inventories",8,article,competency-framework,
Skills Management,Skills Taxonomy & Skills Intelligence,8,article,skills-taxonomy,
Skills Management,Essential Workplace Skills & Competencies,5,article,essential-skills-every-hr-professional-needs-to-succeed,
Skills Management,Skills Gap Analysis,5,article,skills-gap-analysis-tools,
Skills Management,"Skills Mapping: Frameworks, Templates & Tools",5,article,skills-mapping,
Skills Management,Skills Gaps & Skills-Based Hiring,3,page_orphaned,knowledge-base/skills-based-hiring-future-ready-workforce,0/3
Skills Management,Performance Management for Remote & Future Work,3,partial,hr-glossary/performance-management,
Competitor Alternatives,Skills & Talent Assessment Platform Alternatives,15,page_orphaned,alternatives,0/15
Competitor Alternatives,Testlify vs Skills & Talent Assessment Platforms,15,page_orphaned,video-interviewing-tool,0/15
Competitor Alternatives,Testlify vs ATS & Recruitment Platforms,15,page_orphaned,video-interviewing-tool,0/15
Competitor Alternatives,Testlify vs AI Interview & Video Interviewing Tools,13,page_orphaned,video-interviewing-tool,0/13
Competitor Alternatives,Testlify vs Psychometric & Personality Assessment Tools,12,page_orphaned,video-interviewing-tool,0/12
Competitor Alternatives,Video Interview & AI Interviewing Tool Alternatives,11,page_orphaned,alternatives,0/11
Competitor Alternatives,Psychometric & Personality Assessment Tool Alternatives,10,page_orphaned,alternatives,0/10
Competitor Alternatives,"Skills, Competencies & Job Definition Concepts Compared",9,page_orphaned,video-interviewing-tool,0/9
Competitor Alternatives,Coding & Technical Assessment Tool Alternatives,8,page_orphaned,alternatives,0/8
Competitor Alternatives,Testlify vs Coding Assessment Platforms,8,page_orphaned,video-interviewing-tool,0/8
Competitor Alternatives,Recruitment Methods & Sourcing Strategies Compared,8,page_orphaned,video-interviewing-tool,0/8
Competitor Alternatives,Testlify vs Competitor Assessment Comparisons,6,page_orphaned,video-interviewing-tool,0/6
Competitor Alternatives,"Interviewing, Bias & Assessment Approaches Compared",6,page_orphaned,video-interviewing-tool,0/6
Competitor Alternatives,Testlify vs Competitor Alternatives,4,pillar_working,alternatives,2/4
Competitor Alternatives,ATS & Recruitment Platform Alternatives,4,page_orphaned,alternatives,0/4
